ABBVIE;11-02-2020;17-02-2020
ABBVIE;03-03-2020;24-03-2020
ABBVIE;15-04-2020;15-04-2020
ABBVIE;12-05-2020;25-05-2020
ABBVIE;01-06-2020;01-06-2020
ABBVIE;09-06-2020;16-06-2020
ABBVIE;13-07-2020;16-07-2020
ABBVIE;25-09-2020;22-10-2020
ACCORD (INTAS);01-01-2020;07-02-2020
ACCORD (INTAS);09-01-2020;13-01-2020
ACCORD (INTAS);29-01-2020;30-01-2020
ACCORD (INTAS);13-03-2020;15-05-2020
ACCORD (INTAS);27-04-2020;16-07-2020
ACCORD (INTAS);30-04-2020;15-05-2020
ACCORD (INTAS);01-05-2020;01-05-2020
ACCORD (INTAS);12-06-2020;12-06-2020
ACCORD (INTAS);15-09-2020;30-09-2020
ACCORD (INTAS);15-09-2020;15-10-2020
ACCORD (INTAS);21-09-2020;21-09-2020
ACCORD (INTAS);28-10-2020;28-12-2020
ACCORD (INTAS);07-12-2020;07-12-2020
AGEPHA;20-04-2020;13-05-2020
AGEPHA;22-05-2020;25-05-2020
AGEPHA;02-09-2020;03-09-2020
AGEPHA;11-11-2020;11-11-2020
AGEPHA;23-11-2020;01-12-2020
AGEPHA;07-12-2020;07-12-2020
AGEPHA;21-12-2020;21-12-2020
ALCON;15-07-2020;30-10-2020
ALCON;02-09-2020;30-09-2020
ALCON;30-10-2020;30-10-2020
ALCON;23-11-2020;23-11-2020
ALK-ABELLO;01-01-2020;06-01-2020
ALK-ABELLO;09-01-2020;14-01-2020
ALK-ABELLO;10-01-2020;13-01-2020
ALK-ABELLO;10-01-2020;17-01-2020
ALK-ABELLO;06-02-2020;13-02-2020
ALK-ABELLO;17-02-2020;16-03-2020
ALK-ABELLO;06-03-2020;06-03-2020
ALK-ABELLO;17-03-2020;17-03-2020
ALK-ABELLO;23-03-2020;01-04-2020
ALK-ABELLO;08-04-2020;04-05-2020
ALK-ABELLO;06-05-2020;07-05-2020
ALK-ABELLO;12-05-2020;12-05-2020
ALK-ABELLO;18-05-2020;18-05-2020
ALK-ABELLO;29-05-2020;15-06-2020
ALK-ABELLO;29-05-2020;17-06-2020
ALK-ABELLO;12-06-2020;26-06-2020
ALK-ABELLO;25-06-2020;26-06-2020
ALK-ABELLO;25-06-2020;17-08-2020
ALK-ABELLO;30-06-2020;02-07-2020
ALK-ABELLO;30-06-2020;03-07-2020
ALK-ABELLO;07-07-2020;07-07-2020
ALK-ABELLO;07-07-2020;17-08-2020
ALK-ABELLO;09-07-2020;17-07-2020
ALK-ABELLO;10-07-2020;10-07-2020
ALK-ABELLO;29-07-2020;18-09-2020
ALK-ABELLO;28-08-2020;28-08-2020
ALK-ABELLO;28-08-2020;18-09-2020
ALK-ABELLO;02-09-2020;02-09-2020
ALK-ABELLO;07-09-2020;02-10-2020
ALK-ABELLO;08-09-2020;30-10-2020
ALK-ABELLO;12-10-2020;06-11-2020
ALK-ABELLO;15-10-2020;30-10-2020
ALK-ABELLO;21-12-2020;22-12-2020
ALLERGAN;03-01-2020;08-01-2020
ALLERGAN;23-03-2020;23-03-2020
ALLERGAN;28-04-2020;29-04-2020
ALLERGAN;04-05-2020;04-05-2020
ALLERGAN;10-06-2020;12-06-2020
ALLERGAN;12-06-2020;12-06-2020
ALLERGAN;26-06-2020;29-06-2020
ALLERGAN;13-07-2020;13-07-2020
ALLERGAN;07-08-2020;10-08-2020
ALLERGAN;02-09-2020;04-09-2020
ALLERGAN;07-10-2020;07-10-2020
ALLERGAN;19-10-2020;19-10-2020
ALLERGAN;16-11-2020;16-11-2020
ALLERGAN;30-11-2020;30-11-2020
ALMIRALL;01-07-2020;01-07-2020
AMGEN;23-03-2020;23-03-2020
AMGEN;03-04-2020;03-04-2020
AMGEN;30-04-2020;30-04-2020
AMGEN;01-06-2020;01-06-2020
AMGEN;12-06-2020;12-06-2020
AMGEN;18-06-2020;22-06-2020
AMGEN;24-06-2020;01-07-2020
AMGEN;03-07-2020;07-07-2020
AMGEN;15-07-2020;15-07-2020
AMGEN;07-10-2020;09-10-2020
AMGEN;13-10-2020;16-10-2020
ASPEN;31-01-2020;30-03-2020
ASPEN;19-03-2020;01-05-2020
ASPEN;14-04-2020;14-04-2020
ASPEN;11-05-2020;01-10-2020
ASPEN;19-05-2020;19-05-2020
ASPEN;22-05-2020;22-05-2020
ASPEN;09-06-2020;09-06-2020
ASPEN;11-06-2020;08-07-2020
ASPEN;11-06-2020;10-08-2020
ASPEN;07-07-2020;10-07-2020
ASPEN;14-07-2020;20-07-2020
ASPEN;23-07-2020;23-07-2020
ASPEN;27-07-2020;07-08-2020
ASPEN;17-08-2020;17-08-2020
ASPEN;04-09-2020;09-09-2020
ASPEN;24-09-2020;02-10-2020
ASPEN;23-11-2020;23-11-2020
ASPEN;30-11-2020;30-11-2020
ASPEN;04-12-2020;07-12-2020
ASPEN;07-12-2020;07-12-2020
ASTELLAS PHARMA;07-01-2020;07-01-2020
ASTELLAS PHARMA;15-01-2020;15-01-2020
ASTELLAS PHARMA;17-01-2020;22-01-2020
ASTELLAS PHARMA;31-01-2020;10-02-2020
ASTELLAS PHARMA;12-02-2020;24-02-2020
ASTELLAS PHARMA;18-02-2020;30-03-2020
ASTELLAS PHARMA;26-02-2020;05-05-2020
ASTELLAS PHARMA;06-03-2020;06-03-2020
ASTELLAS PHARMA;09-03-2020;09-03-2020
ASTELLAS PHARMA;17-03-2020;11-05-2020
ASTELLAS PHARMA;18-03-2020;23-03-2020
ASTELLAS PHARMA;03-04-2020;06-04-2020
ASTELLAS PHARMA;06-04-2020;06-04-2020
ASTELLAS PHARMA;08-04-2020;08-04-2020
ASTELLAS PHARMA;17-04-2020;06-05-2020
ASTELLAS PHARMA;27-04-2020;14-05-2020
ASTELLAS PHARMA;29-04-2020;05-05-2020
ASTELLAS PHARMA;18-05-2020;18-05-2020
ASTELLAS PHARMA;20-05-2020;21-07-2020
ASTELLAS PHARMA;08-06-2020;09-06-2020
ASTELLAS PHARMA;15-06-2020;15-06-2020
ASTELLAS PHARMA;07-07-2020;07-07-2020
ASTELLAS PHARMA;08-07-2020;20-07-2020
ASTELLAS PHARMA;22-07-2020;27-07-2020
ASTELLAS PHARMA;27-07-2020;27-07-2020
ASTELLAS PHARMA;31-07-2020;10-08-2020
ASTELLAS PHARMA;07-08-2020;10-08-2020
ASTELLAS PHARMA;04-09-2020;04-09-2020
ASTELLAS PHARMA;07-09-2020;07-09-2020
ASTELLAS PHARMA;18-09-2020;21-09-2020
ASTELLAS PHARMA;23-09-2020;08-10-2020
ASTELLAS PHARMA;02-10-2020;05-10-2020
ASTELLAS PHARMA;07-10-2020;07-10-2020
ASTELLAS PHARMA;16-10-2020;21-10-2020
ASTELLAS PHARMA;20-10-2020;30-10-2020
ASTELLAS PHARMA;30-10-2020;30-10-2020
ASTELLAS PHARMA;30-11-2020;30-11-2020
ASTELLAS PHARMA;02-12-2020;03-12-2020
ASTELLAS PHARMA;04-12-2020;04-12-2020
ASTELLAS PHARMA;14-12-2020;14-12-2020
ASTELLAS PHARMA;16-12-2020;22-12-2020
ASTRAZENECA;15-01-2020;15-01-2020
ASTRAZENECA;28-09-2020;02-10-2020
ASTRAZENECA;11-11-2020;11-11-2020
B. BRAUN;23-01-2020;06-02-2020
B. BRAUN;27-02-2020;19-05-2020
B. BRAUN;15-04-2020;14-05-2020
B. BRAUN;22-04-2020;25-05-2020
B. BRAUN;15-05-2020;22-05-2020
B. BRAUN;01-06-2020;01-06-2020
B. BRAUN;15-06-2020;15-06-2020
B. BRAUN;18-06-2020;18-06-2020
B. BRAUN;23-06-2020;24-06-2020
B. BRAUN;24-06-2020;26-06-2020
B. BRAUN;26-06-2020;26-06-2020
B. BRAUN;03-08-2020;03-08-2020
B. BRAUN;07-08-2020;07-08-2020
B. BRAUN;30-10-2020;30-10-2020
BAXTER INT;10-01-2020;14-01-2020
BAXTER INT;17-01-2020;22-01-2020
BAXTER INT;23-01-2020;24-01-2020
BAXTER INT;30-01-2020;04-02-2020
BAXTER INT;03-02-2020;04-02-2020
BAXTER INT;06-02-2020;07-02-2020
BAXTER INT;09-03-2020;09-03-2020
BAXTER INT;12-03-2020;12-03-2020
BAXTER INT;12-03-2020;02-04-2020
BAXTER INT;17-03-2020;17-03-2020
BAXTER INT;23-03-2020;24-03-2020
BAXTER INT;23-03-2020;27-03-2020
BAXTER INT;25-03-2020;25-03-2020
BAXTER INT;30-03-2020;30-03-2020
BAXTER INT;02-04-2020;06-04-2020
BAXTER INT;07-04-2020;15-04-2020
BAXTER INT;16-04-2020;24-04-2020
BAXTER INT;01-05-2020;11-05-2020
BAXTER INT;04-05-2020;13-05-2020
BAXTER INT;06-05-2020;15-06-2020
BAXTER INT;12-05-2020;13-05-2020
BAXTER INT;20-05-2020;25-05-2020
BAXTER INT;19-06-2020;19-06-2020
BAXTER INT;03-07-2020;06-07-2020
BAXTER INT;16-07-2020;17-07-2020
BAXTER INT;03-09-2020;29-09-2020
BAXTER INT;11-09-2020;29-09-2020
BAXTER INT;18-09-2020;21-09-2020
BAXTER INT;23-09-2020;29-09-2020
BAXTER INT;24-09-2020;25-09-2020
BAXTER INT;29-09-2020;29-09-2020
BAXTER INT;05-10-2020;05-10-2020
BAXTER INT;06-10-2020;06-10-2020
BAXTER INT;14-10-2020;23-10-2020
BAXTER INT;19-10-2020;19-10-2020
BAXTER INT;19-10-2020;22-10-2020
BAXTER INT;23-11-2020;23-11-2020
BAXTER INT;27-11-2020;04-12-2020
BAYER;03-01-2020;03-01-2020
BAYER;07-01-2020;07-01-2020
BAYER;03-03-2020;08-06-2020
BAYER;12-06-2020;06-07-2020
BAYER;20-07-2020;20-07-2020
BAYER;27-07-2020;07-10-2020
BIOCODEX;06-01-2020;06-01-2020
BIOCODEX;10-01-2020;13-01-2020
BIOCODEX;15-01-2020;11-02-2020
BIOCODEX;27-01-2020;27-01-2020
BIOCODEX;21-02-2020;26-02-2020
BIOCODEX;21-02-2020;09-03-2020
BIOCODEX;24-02-2020;24-02-2020
BIOCODEX;03-03-2020;06-03-2020
BIOCODEX;03-03-2020;10-03-2020
BIOCODEX;05-03-2020;05-03-2020
BIOCODEX;11-03-2020;30-03-2020
BIOCODEX;12-03-2020;16-03-2020
BIOCODEX;16-03-2020;05-05-2020
BIOCODEX;20-03-2020;22-05-2020
BIOCODEX;23-03-2020;24-03-2020
BIOCODEX;02-04-2020;22-05-2020
BIOCODEX;02-04-2020;31-07-2020
BIOCODEX;03-04-2020;23-10-2020
BIOCODEX;14-04-2020;27-04-2020
BIOCODEX;24-04-2020;24-04-2020
BIOCODEX;28-04-2020;28-04-2020
BIOCODEX;30-04-2020;30-04-2020
BIOCODEX;30-04-2020;01-05-2020
BIOCODEX;04-05-2020;04-05-2020
BIOCODEX;06-05-2020;18-05-2020
BIOCODEX;07-05-2020;11-05-2020
BIOCODEX;11-05-2020;11-05-2020
BIOCODEX;18-05-2020;17-08-2020
BIOCODEX;01-06-2020;01-06-2020
BIOCODEX;08-06-2020;08-06-2020
BIOCODEX;09-06-2020;09-06-2020
BIOCODEX;11-06-2020;31-07-2020
BIOCODEX;15-06-2020;15-06-2020
BIOCODEX;06-07-2020;02-09-2020
BIOCODEX;07-07-2020;09-07-2020
BIOCODEX;10-07-2020;10-07-2020
BIOCODEX;15-07-2020;07-12-2020
BIOCODEX;23-07-2020;27-07-2020
BIOCODEX;27-07-2020;27-07-2020
BIOCODEX;07-08-2020;10-08-2020
BIOCODEX;12-08-2020;12-08-2020
BIOCODEX;21-08-2020;24-08-2020
BIOCODEX;28-08-2020;28-08-2020
BIOCODEX;31-08-2020;30-09-2020
BIOCODEX;04-09-2020;04-09-2020
BIOCODEX;07-09-2020;07-09-2020
BIOCODEX;09-09-2020;09-09-2020
BIOCODEX;10-09-2020;10-09-2020
BIOCODEX;15-09-2020;30-09-2020
BIOCODEX;18-09-2020;21-09-2020
BIOCODEX;21-09-2020;21-09-2020
BIOCODEX;22-09-2020;02-10-2020
BIOCODEX;23-09-2020;24-09-2020
BIOCODEX;23-09-2020;28-09-2020
BIOCODEX;30-09-2020;06-10-2020
BIOCODEX;05-10-2020;06-10-2020
BIOCODEX;14-10-2020;19-10-2020
BIOCODEX;23-10-2020;23-10-2020
BIOCODEX;27-10-2020;28-10-2020
BIOCODEX;27-10-2020;30-10-2020
BIOCODEX;30-10-2020;30-10-2020
BIOCODEX;23-11-2020;23-11-2020
BIOCODEX;27-11-2020;30-11-2020
BIOCODEX;01-12-2020;03-12-2020
BIOCODEX;03-12-2020;07-12-2020
BIOCODEX;09-12-2020;15-12-2020
BIOCODEX;14-12-2020;14-12-2020
BIOGEN;13-01-2020;12-02-2020
BIOGEN;24-02-2020;13-03-2020
BIOGEN;18-03-2020;25-03-2020
BIOGEN;31-03-2020;01-04-2020
BIOGEN;31-03-2020;02-04-2020
BIOGEN;01-06-2020;01-06-2020
BIOGEN;31-08-2020;03-09-2020
BIOGEN;07-12-2020;21-12-2020
BIOGEN;21-12-2020;21-12-2020
BIOPROJEKT;03-01-2020;10-01-2020
BIOPROJEKT;05-02-2020;05-02-2020
BIOPROJEKT;04-03-2020;05-03-2020
BIOPROJEKT;16-03-2020;19-03-2020
BIOPROJEKT;18-05-2020;22-05-2020
BIOPROJEKT;31-07-2020;31-07-2020
BIOPROJEKT;03-12-2020;03-12-2020
BIOPROJEKT;21-12-2020;21-12-2020
BLUEFISH;22-06-2020;24-09-2020
BOEHRINGER INGELHEIM;24-03-2020;26-03-2020
BOEHRINGER INGELHEIM;25-03-2020;18-05-2020
BOEHRINGER INGELHEIM;30-03-2020;31-03-2020
BOEHRINGER INGELHEIM;01-04-2020;13-07-2020
BOEHRINGER INGELHEIM;07-04-2020;07-04-2020
BOEHRINGER INGELHEIM;11-06-2020;17-08-2020
BOEHRINGER INGELHEIM;01-07-2020;01-07-2020
BRISTOL-MYERS SQUIBB;03-02-2020;27-02-2020
BRISTOL-MYERS SQUIBB;27-03-2020;27-03-2020
BRISTOL-MYERS SQUIBB;06-04-2020;04-05-2020
CAMPUSPHARMA;15-01-2020;17-01-2020
CAMPUSPHARMA;22-01-2020;24-01-2020
CAMPUSPHARMA;27-01-2020;27-01-2020
CAMPUSPHARMA;05-02-2020;07-02-2020
CAMPUSPHARMA;06-02-2020;06-02-2020
CAMPUSPHARMA;14-02-2020;14-02-2020
CAMPUSPHARMA;21-02-2020;21-02-2020
CAMPUSPHARMA;05-03-2020;05-03-2020
CAMPUSPHARMA;25-03-2020;27-03-2020
CAMPUSPHARMA;04-05-2020;04-05-2020
CAMPUSPHARMA;12-05-2020;12-05-2020
CAMPUSPHARMA;04-09-2020;07-09-2020
CAMPUSPHARMA;08-09-2020;08-09-2020
CAMPUSPHARMA;12-10-2020;14-10-2020
CHEPLAPHARM;10-01-2020;13-01-2020
CHEPLAPHARM;31-01-2020;08-07-2020
CHEPLAPHARM;07-05-2020;20-08-2020
CHEPLAPHARM;10-07-2020;10-07-2020
CHEPLAPHARM;16-09-2020;06-10-2020
CHEPLAPHARM;08-10-2020;08-10-2020
CHIESI;14-08-2020;21-08-2020
CHIESI;04-09-2020;07-09-2020
CHIESI;11-09-2020;18-09-2020
COLGATE-PALMOLIVE;07-07-2020;02-12-2020
COLGATE-PALMOLIVE;30-09-2020;30-10-2020
CONCORDIA;23-03-2020;23-03-2020
CONCORDIA;24-03-2020;25-05-2020
CONCORDIA;29-05-2020;02-06-2020
CONCORDIA;01-06-2020;01-06-2020
CONCORDIA;04-06-2020;09-06-2020
CONCORDIA;27-07-2020;27-07-2020
CONCORDIA;07-08-2020;31-10-2020
CONCORDIA;10-08-2020;10-08-2020
CONCORDIA;02-10-2020;05-10-2020
CSL;30-10-2020;30-10-2020
CSL;23-11-2020;23-11-2020
DAIICHI SANKYO;03-01-2020;13-01-2020
DAIICHI SANKYO;15-01-2020;03-02-2020
DAIICHI SANKYO;18-02-2020;04-09-2020
DAIICHI SANKYO;21-02-2020;20-08-2020
DAIICHI SANKYO;24-02-2020;15-04-2020
DAIICHI SANKYO;28-02-2020;30-04-2020
DAIICHI SANKYO;23-03-2020;23-03-2020
DAIICHI SANKYO;01-04-2020;06-04-2020
DAIICHI SANKYO;08-04-2020;15-06-2020
DAIICHI SANKYO;09-06-2020;22-06-2020
DAIICHI SANKYO;18-06-2020;19-06-2020
DAIICHI SANKYO;10-07-2020;13-07-2020
DAIICHI SANKYO;15-07-2020;16-07-2020
DAIICHI SANKYO;16-07-2020;17-07-2020
DAIICHI SANKYO;07-09-2020;07-09-2020
DAIICHI SANKYO;09-09-2020;09-09-2020
DAIICHI SANKYO;10-09-2020;10-09-2020
DAIICHI SANKYO;02-10-2020;05-10-2020
DEN NORSKE ETERFAB;13-10-2020;16-10-2020
DENTSPLY;12-05-2020;12-05-2020
DENTSPLY;13-10-2020;16-11-2020
DENTSPLY;29-10-2020;30-10-2020
DENTSPLY;19-11-2020;10-12-2020
EISAI;02-04-2020;03-04-2020
EISAI;06-05-2020;06-05-2020
EUSA PHARMA;06-05-2020;22-05-2020
EVOLAN;09-01-2020;24-02-2020
EVOLAN;05-02-2020;07-02-2020
EVOLAN;09-03-2020;06-04-2020
EVOLAN;19-03-2020;01-04-2020
EVOLAN;06-04-2020;15-04-2020
EVOLAN;10-08-2020;14-10-2020
EVOLAN;09-09-2020;21-09-2020
EVOLAN;05-10-2020;28-10-2020
EVOLAN;05-10-2020;06-11-2020
EVOLAN;11-11-2020;26-11-2020
FERRING;27-01-2020;27-01-2020
FERRING;05-03-2020;12-03-2020
FERRING;05-05-2020;06-05-2020
FERRING;09-06-2020;11-06-2020
FERRING;26-06-2020;29-06-2020
FERRING;20-10-2020;21-10-2020
FERRING;16-11-2020;16-11-2020
FRESENIUS;09-01-2020;05-02-2020
FRESENIUS;10-01-2020;10-01-2020
FRESENIUS;15-01-2020;15-01-2020
FRESENIUS;20-02-2020;27-03-2020
FRESENIUS;24-02-2020;22-04-2020
FRESENIUS;27-02-2020;05-03-2020
FRESENIUS;27-02-2020;06-03-2020
FRESENIUS;12-03-2020;23-03-2020
FRESENIUS;13-03-2020;16-03-2020
FRESENIUS;16-03-2020;26-03-2020
FRESENIUS;23-03-2020;23-03-2020
FRESENIUS;26-03-2020;04-08-2020
FRESENIUS;01-04-2020;02-04-2020
FRESENIUS;03-04-2020;07-04-2020
FRESENIUS;03-04-2020;17-04-2020
FRESENIUS;21-04-2020;27-04-2020
FRESENIUS;01-06-2020;01-06-2020
FRESENIUS;03-06-2020;17-06-2020
FRESENIUS;18-06-2020;26-06-2020
FRESENIUS;26-06-2020;29-06-2020
FRESENIUS;29-06-2020;10-08-2020
FRESENIUS;30-06-2020;03-07-2020
FRESENIUS;07-07-2020;07-07-2020
FRESENIUS;09-07-2020;20-07-2020
FRESENIUS;16-07-2020;16-07-2020
FRESENIUS;17-07-2020;17-07-2020
FRESENIUS;22-07-2020;04-08-2020
FRESENIUS;13-08-2020;13-08-2020
FRESENIUS;26-08-2020;07-09-2020
FRESENIUS;04-09-2020;07-09-2020
FRESENIUS;18-09-2020;21-09-2020
FRESENIUS;28-09-2020;02-10-2020
FRESENIUS;19-10-2020;19-10-2020
FRESENIUS;21-10-2020;21-10-2020
FRESENIUS;23-10-2020;23-10-2020
FRESENIUS;27-10-2020;20-11-2020
FRESENIUS;30-10-2020;30-10-2020
FRESENIUS;12-11-2020;13-11-2020
FRESENIUS;12-11-2020;31-12-2020
FRESENIUS;23-11-2020;23-11-2020
FRESENIUS;25-11-2020;31-12-2020
FRESENIUS;30-11-2020;30-11-2020
FRESENIUS;02-12-2020;02-12-2020
FRESENIUS;04-12-2020;04-12-2020
FRESENIUS;07-12-2020;07-12-2020
FRESENIUS;10-12-2020;15-12-2020
FRESENIUS;11-12-2020;31-12-2020
FRESENIUS;17-12-2020;21-12-2020
FROST PHARMA;18-03-2020;25-03-2020
FROST PHARMA;03-04-2020;08-04-2020
FROST PHARMA;16-04-2020;11-05-2020
FROST PHARMA;19-05-2020;25-05-2020
GALENICA;17-03-2020;26-03-2020
GALENICA;13-05-2020;18-05-2020
GALENICA;07-10-2020;07-10-2020
GE HEALTHCARE;13-01-2020;13-01-2020
GE HEALTHCARE;18-02-2020;22-05-2020
GE HEALTHCARE;11-03-2020;12-03-2020
GE HEALTHCARE;14-04-2020;14-04-2020
GE HEALTHCARE;26-05-2020;17-08-2020
GE HEALTHCARE;12-06-2020;12-06-2020
GE HEALTHCARE;01-07-2020;01-07-2020
GE HEALTHCARE;07-07-2020;08-07-2020
GE HEALTHCARE;28-08-2020;11-09-2020
GE HEALTHCARE;02-09-2020;07-09-2020
GE HEALTHCARE;16-09-2020;06-11-2020
GE HEALTHCARE;30-10-2020;30-10-2020
GE HEALTHCARE;10-11-2020;22-12-2020
GE HEALTHCARE;17-11-2020;22-12-2020
GE HEALTHCARE;28-12-2020;28-12-2020
GEDEON RICHTER;13-01-2020;06-02-2020
GEDEON RICHTER;15-06-2020;15-06-2020
GEDEON RICHTER;10-07-2020;13-07-2020
GEDEON RICHTER;11-08-2020;13-08-2020
GEDEON RICHTER;17-08-2020;17-08-2020
GEDEON RICHTER;01-09-2020;01-09-2020
GEDEON RICHTER;04-09-2020;09-09-2020
GEDEON RICHTER;21-09-2020;22-09-2020
GEDEON RICHTER;24-09-2020;24-09-2020
GEDEON RICHTER;27-10-2020;27-10-2020
GILEAD;30-03-2020;30-03-2020
GILEAD;26-06-2020;30-06-2020
GILEAD;12-08-2020;17-08-2020
GILEAD;14-10-2020;14-10-2020
GILEAD;19-10-2020;27-10-2020
GILEAD;20-10-2020;20-10-2020
GLENMARK;20-05-2020;28-07-2020
GRÜNENTHAL;29-01-2020;22-05-2020
GRÜNENTHAL;16-03-2020;17-03-2020
GRÜNENTHAL;29-04-2020;18-05-2020
GSK;03-01-2020;06-01-2020
GSK;06-01-2020;08-01-2020
GSK;07-01-2020;07-01-2020
GSK;08-01-2020;08-01-2020
GSK;08-01-2020;10-01-2020
GSK;10-01-2020;13-01-2020
GSK;14-01-2020;27-01-2020
GSK;15-01-2020;22-01-2020
GSK;15-01-2020;18-02-2020
GSK;15-01-2020;24-02-2020
GSK;27-01-2020;06-02-2020
GSK;04-02-2020;07-02-2020
GSK;06-02-2020;07-02-2020
GSK;06-03-2020;09-03-2020
GSK;10-03-2020;23-03-2020
GSK;11-03-2020;05-05-2020
GSK;13-03-2020;13-03-2020
GSK;16-03-2020;18-03-2020
GSK;16-03-2020;20-03-2020
GSK;16-03-2020;01-04-2020
GSK;18-03-2020;03-04-2020
GSK;19-03-2020;23-03-2020
GSK;20-03-2020;23-03-2020
GSK;31-03-2020;06-04-2020
GSK;03-04-2020;03-04-2020
GSK;03-04-2020;20-04-2020
GSK;07-04-2020;08-04-2020
GSK;07-04-2020;20-05-2020
GSK;10-04-2020;20-04-2020
GSK;20-04-2020;05-05-2020
GSK;21-04-2020;20-05-2020
GSK;22-04-2020;27-04-2020
GSK;27-04-2020;04-05-2020
GSK;28-04-2020;06-05-2020
GSK;18-05-2020;18-05-2020
GSK;27-05-2020;27-05-2020
GSK;28-05-2020;12-08-2020
GSK;01-06-2020;01-06-2020
GSK;01-06-2020;02-06-2020
GSK;04-06-2020;10-06-2020
GSK;11-06-2020;15-06-2020
GSK;12-06-2020;12-06-2020
GSK;23-06-2020;23-06-2020
GSK;25-06-2020;25-06-2020
GSK;25-06-2020;29-06-2020
GSK;26-06-2020;26-06-2020
GSK;30-06-2020;30-06-2020
GSK;30-06-2020;10-07-2020
GSK;06-07-2020;06-07-2020
GSK;10-07-2020;13-07-2020
GSK;13-07-2020;13-07-2020
GSK;27-07-2020;27-07-2020
GSK;27-07-2020;05-08-2020
GSK;02-09-2020;04-09-2020
GSK;15-09-2020;09-10-2020
GSK;18-09-2020;21-09-2020
GSK;18-09-2020;20-10-2020
GSK;22-09-2020;25-09-2020
GSK;23-09-2020;30-10-2020
GSK;01-10-2020;09-10-2020
GSK;23-10-2020;23-10-2020
GSK;28-10-2020;30-10-2020
GSK;30-10-2020;02-11-2020
GSK;11-11-2020;07-12-2020
GSK;30-11-2020;30-11-2020
HRA PHARMA;15-05-2020;15-05-2020
HRA PHARMA;15-05-2020;25-05-2020
HRA PHARMA;10-06-2020;11-06-2020
IMMEDICA PHARMA;12-05-2020;15-05-2020
IMMEDICA PHARMA;18-05-2020;20-05-2020
IMMEDICA PHARMA;19-05-2020;20-05-2020
IMMEDICA PHARMA;28-05-2020;28-05-2020
IMMEDICA PHARMA;04-06-2020;08-06-2020
IMMEDICA PHARMA;29-07-2020;03-08-2020
IMMEDICA PHARMA;30-10-2020;30-10-2020
IPSEN;13-05-2020;13-05-2020
IPSEN;29-06-2020;29-06-2020
IPSEN;06-07-2020;10-07-2020
J&J;01-01-2020;10-02-2020
J&J;03-01-2020;07-01-2020
J&J;09-01-2020;09-01-2020
J&J;10-01-2020;27-01-2020
J&J;13-01-2020;13-01-2020
J&J;17-01-2020;20-01-2020
J&J;02-03-2020;23-03-2020
J&J;20-03-2020;20-03-2020
J&J;02-04-2020;08-04-2020
J&J;07-04-2020;07-04-2020
J&J;15-04-2020;15-04-2020
J&J;04-05-2020;04-05-2020
J&J;01-06-2020;01-06-2020
J&J;15-06-2020;24-06-2020
J&J;25-06-2020;25-06-2020
J&J;29-06-2020;29-06-2020
J&J;03-07-2020;06-07-2020
J&J;07-07-2020;07-07-2020
J&J;17-07-2020;24-07-2020
J&J;12-08-2020;17-08-2020
J&J;17-09-2020;30-09-2020
J&J;22-09-2020;23-09-2020
J&J;15-10-2020;16-10-2020
J&J;25-11-2020;25-11-2020
J&J;30-11-2020;30-11-2020
JAZZ PHARMA;13-10-2020;13-10-2020
KARO PHARMA;09-03-2020;09-03-2020
KARO PHARMA;24-03-2020;25-03-2020
KARO PHARMA;24-03-2020;24-04-2020
KARO PHARMA;25-03-2020;27-03-2020
KARO PHARMA;27-03-2020;27-03-2020
KARO PHARMA;07-04-2020;15-04-2020
KARO PHARMA;12-06-2020;12-06-2020
KARO PHARMA;26-06-2020;26-06-2020
KARO PHARMA;28-07-2020;30-07-2020
KARO PHARMA;30-07-2020;17-08-2020
KARO PHARMA;05-08-2020;17-08-2020
KARO PHARMA;18-09-2020;21-09-2020
KARO PHARMA;21-09-2020;21-09-2020
KARO PHARMA;22-09-2020;29-10-2020
KARO PHARMA;29-09-2020;05-10-2020
KARO PHARMA;05-10-2020;05-10-2020
KARO PHARMA;13-10-2020;13-10-2020
KARO PHARMA;19-10-2020;19-10-2020
KARO PHARMA;21-10-2020;30-10-2020
KARO PHARMA;23-11-2020;23-11-2020
KARO PHARMA;04-12-2020;07-12-2020
KARO PHARMA;07-12-2020;07-12-2020
KRKA;03-01-2020;03-01-2020
KRKA;03-01-2020;05-03-2020
KRKA;06-01-2020;08-01-2020
KRKA;08-01-2020;08-01-2020
KRKA;08-01-2020;15-01-2020
KRKA;10-01-2020;10-01-2020
KRKA;11-01-2020;13-03-2020
KRKA;13-01-2020;13-01-2020
KRKA;14-01-2020;15-01-2020
KRKA;14-01-2020;15-04-2020
KRKA;20-01-2020;20-01-2020
KRKA;20-01-2020;19-06-2020
KRKA;22-01-2020;30-01-2020
KRKA;22-01-2020;01-04-2020
KRKA;27-01-2020;27-01-2020
KRKA;27-01-2020;07-02-2020
KRKA;28-01-2020;14-02-2020
KRKA;29-01-2020;29-01-2020
KRKA;31-01-2020;07-02-2020
KRKA;05-02-2020;05-02-2020
KRKA;05-02-2020;10-06-2020
KRKA;13-02-2020;14-02-2020
KRKA;19-02-2020;28-02-2020
KRKA;24-02-2020;06-03-2020
KRKA;24-02-2020;15-04-2020
KRKA;03-03-2020;19-06-2020
KRKA;06-03-2020;06-03-2020
KRKA;06-03-2020;09-03-2020
KRKA;06-03-2020;04-09-2020
KRKA;09-03-2020;09-03-2020
KRKA;09-03-2020;15-04-2020
KRKA;10-03-2020;20-03-2020
KRKA;12-03-2020;30-07-2020
KRKA;13-03-2020;19-03-2020
KRKA;13-03-2020;20-03-2020
KRKA;16-03-2020;19-03-2020
KRKA;17-03-2020;03-04-2020
KRKA;18-03-2020;18-03-2020
KRKA;18-03-2020;26-03-2020
KRKA;20-03-2020;15-04-2020
KRKA;20-03-2020;27-04-2020
KRKA;20-03-2020;19-06-2020
KRKA;23-03-2020;23-03-2020
KRKA;24-03-2020;01-04-2020
KRKA;25-03-2020;25-03-2020
KRKA;27-03-2020;15-04-2020
KRKA;27-03-2020;10-07-2020
KRKA;30-03-2020;03-04-2020
KRKA;30-03-2020;10-04-2020
KRKA;30-03-2020;22-05-2020
KRKA;01-04-2020;07-04-2020
KRKA;03-04-2020;03-04-2020
KRKA;03-04-2020;30-04-2020
KRKA;03-04-2020;22-05-2020
KRKA;03-04-2020;12-06-2020
KRKA;03-04-2020;10-07-2020
KRKA;06-04-2020;06-04-2020
KRKA;10-04-2020;24-07-2020
KRKA;15-04-2020;15-04-2020
KRKA;17-04-2020;29-05-2020
KRKA;20-04-2020;23-04-2020
KRKA;23-04-2020;11-09-2020
KRKA;23-04-2020;25-09-2020
KRKA;29-04-2020;29-04-2020
KRKA;29-04-2020;07-05-2020
KRKA;04-05-2020;05-05-2020
KRKA;04-05-2020;08-05-2020
KRKA;04-05-2020;20-08-2020
KRKA;05-05-2020;20-08-2020
KRKA;07-05-2020;07-05-2020
KRKA;11-05-2020;11-05-2020
KRKA;12-05-2020;14-05-2020
KRKA;13-05-2020;13-05-2020
KRKA;13-05-2020;14-05-2020
KRKA;13-05-2020;18-05-2020
KRKA;14-05-2020;14-05-2020
KRKA;15-05-2020;27-05-2020
KRKA;18-05-2020;13-07-2020
KRKA;19-05-2020;24-06-2020
KRKA;22-05-2020;25-05-2020
KRKA;01-06-2020;01-06-2020
KRKA;08-06-2020;15-06-2020
KRKA;09-06-2020;09-06-2020
KRKA;09-06-2020;11-06-2020
KRKA;09-06-2020;12-06-2020
KRKA;09-06-2020;22-06-2020
KRKA;15-06-2020;15-06-2020
KRKA;15-06-2020;17-07-2020
KRKA;15-06-2020;07-08-2020
KRKA;15-06-2020;28-08-2020
KRKA;16-06-2020;18-06-2020
KRKA;16-06-2020;22-07-2020
KRKA;17-06-2020;17-06-2020
KRKA;22-06-2020;25-06-2020
KRKA;23-06-2020;07-08-2020
KRKA;24-06-2020;24-06-2020
KRKA;25-06-2020;25-06-2020
KRKA;26-06-2020;10-08-2020
KRKA;29-06-2020;29-06-2020
KRKA;29-06-2020;17-08-2020
KRKA;30-06-2020;17-08-2020
KRKA;01-07-2020;10-08-2020
KRKA;02-07-2020;03-07-2020
KRKA;03-07-2020;03-07-2020
KRKA;06-07-2020;10-07-2020
KRKA;06-07-2020;30-10-2020
KRKA;07-07-2020;07-07-2020
KRKA;07-07-2020;08-07-2020
KRKA;07-07-2020;13-07-2020
KRKA;08-07-2020;31-07-2020
KRKA;09-07-2020;09-07-2020
KRKA;10-07-2020;10-07-2020
KRKA;13-07-2020;13-07-2020
KRKA;14-07-2020;31-07-2020
KRKA;14-07-2020;23-09-2020
KRKA;15-07-2020;17-07-2020
KRKA;20-07-2020;24-07-2020
KRKA;20-07-2020;16-10-2020
KRKA;23-07-2020;23-07-2020
KRKA;28-07-2020;23-09-2020
KRKA;29-07-2020;30-07-2020
KRKA;30-07-2020;30-07-2020
KRKA;03-08-2020;18-09-2020
KRKA;07-08-2020;28-08-2020
KRKA;10-08-2020;10-08-2020
KRKA;11-08-2020;11-08-2020
KRKA;11-08-2020;12-08-2020
KRKA;12-08-2020;02-10-2020
KRKA;19-08-2020;14-09-2020
KRKA;28-08-2020;04-09-2020
KRKA;31-08-2020;13-10-2020
KRKA;04-09-2020;04-09-2020
KRKA;04-09-2020;07-09-2020
KRKA;07-09-2020;07-09-2020
KRKA;08-09-2020;09-09-2020
KRKA;09-09-2020;09-09-2020
KRKA;10-09-2020;02-10-2020
KRKA;10-09-2020;05-10-2020
KRKA;11-09-2020;18-09-2020
KRKA;15-09-2020;16-09-2020
KRKA;16-09-2020;16-09-2020
KRKA;16-09-2020;18-09-2020
KRKA;18-09-2020;21-09-2020
KRKA;18-09-2020;29-09-2020
KRKA;21-09-2020;21-09-2020
KRKA;21-09-2020;22-09-2020
KRKA;22-09-2020;30-09-2020
KRKA;23-09-2020;23-09-2020
KRKA;24-09-2020;24-09-2020
KRKA;24-09-2020;21-10-2020
KRKA;25-09-2020;30-09-2020
KRKA;01-10-2020;20-10-2020
KRKA;02-10-2020;08-10-2020
KRKA;05-10-2020;05-10-2020
KRKA;06-10-2020;06-10-2020
KRKA;06-10-2020;07-10-2020
KRKA;06-10-2020;30-10-2020
KRKA;07-10-2020;07-10-2020
KRKA;09-10-2020;19-10-2020
KRKA;09-10-2020;23-10-2020
KRKA;12-10-2020;16-10-2020
KRKA;12-10-2020;04-12-2020
KRKA;13-10-2020;13-10-2020
KRKA;19-10-2020;19-10-2020
KRKA;19-10-2020;20-10-2020
KRKA;20-10-2020;30-10-2020
KRKA;21-10-2020;21-10-2020
KRKA;21-10-2020;23-10-2020
KRKA;23-10-2020;30-10-2020
KRKA;26-10-2020;27-10-2020
KRKA;28-10-2020;28-12-2020
KRKA;29-10-2020;29-10-2020
KRKA;30-10-2020;30-10-2020
KRKA;30-10-2020;02-11-2020
KRKA;04-11-2020;01-12-2020
KRKA;04-11-2020;04-12-2020
KRKA;06-11-2020;06-11-2020
KRKA;10-11-2020;08-12-2020
KRKA;23-11-2020;23-11-2020
KRKA;27-11-2020;31-12-2020
KRKA;02-12-2020;02-12-2020
KRKA;02-12-2020;07-12-2020
KRKA;03-12-2020;03-12-2020
KRKA;07-12-2020;11-12-2020
KRKA;09-12-2020;11-12-2020
KRKA;09-12-2020;14-12-2020
KRKA;10-12-2020;18-12-2020
KRKA;15-12-2020;15-12-2020
KRKA;31-12-2020;24-07-2020
KYOWA HAKKO KIRIN;01-01-2020;28-01-2020
KYOWA HAKKO KIRIN;14-01-2020;07-02-2020
KYOWA HAKKO KIRIN;17-01-2020;07-02-2020
KYOWA HAKKO KIRIN;27-01-2020;07-02-2020
KYOWA HAKKO KIRIN;10-03-2020;30-03-2020
KYOWA HAKKO KIRIN;10-03-2020;05-05-2020
KYOWA HAKKO KIRIN;18-03-2020;25-05-2020
KYOWA HAKKO KIRIN;19-03-2020;31-03-2020
KYOWA HAKKO KIRIN;01-05-2020;30-06-2020
KYOWA HAKKO KIRIN;09-06-2020;09-06-2020
KYOWA HAKKO KIRIN;10-06-2020;12-06-2020
KYOWA HAKKO KIRIN;12-06-2020;12-06-2020
KYOWA HAKKO KIRIN;16-06-2020;01-07-2020
KYOWA HAKKO KIRIN;26-06-2020;29-06-2020
KYOWA HAKKO KIRIN;03-07-2020;03-07-2020
KYOWA HAKKO KIRIN;13-07-2020;13-07-2020
KYOWA HAKKO KIRIN;17-07-2020;27-07-2020
KYOWA HAKKO KIRIN;17-08-2020;17-08-2020
KYOWA HAKKO KIRIN;24-08-2020;24-08-2020
KYOWA HAKKO KIRIN;26-08-2020;07-12-2020
KYOWA HAKKO KIRIN;28-08-2020;07-12-2020
KYOWA HAKKO KIRIN;28-08-2020;10-12-2020
LEO PHARMA;02-01-2020;17-01-2020
LEO PHARMA;08-01-2020;18-02-2020
LEO PHARMA;09-01-2020;17-01-2020
LEO PHARMA;14-01-2020;01-05-2020
LEO PHARMA;10-02-2020;06-03-2020
LEO PHARMA;13-02-2020;12-03-2020
LEO PHARMA;21-02-2020;20-08-2020
LEO PHARMA;27-02-2020;15-04-2020
LEO PHARMA;06-03-2020;06-03-2020
LEO PHARMA;24-03-2020;08-04-2020
LEO PHARMA;15-04-2020;15-04-2020
LEO PHARMA;26-05-2020;02-06-2020
LEO PHARMA;04-06-2020;17-08-2020
LEO PHARMA;08-06-2020;08-06-2020
LEO PHARMA;10-06-2020;20-08-2020
LEO PHARMA;22-06-2020;26-06-2020
LEO PHARMA;07-07-2020;07-07-2020
LEO PHARMA;31-08-2020;27-11-2020
LEO PHARMA;04-09-2020;09-09-2020
LEO PHARMA;19-10-2020;19-10-2020
LEO PHARMA;21-10-2020;21-10-2020
LILLY;10-01-2020;10-01-2020
LILLY;10-01-2020;13-01-2020
LILLY;05-02-2020;07-02-2020
LILLY;19-02-2020;30-03-2020
LILLY;06-03-2020;09-03-2020
LILLY;29-06-2020;29-06-2020
LILLY;07-07-2020;07-07-2020
LILLY;10-07-2020;10-07-2020
LILLY;16-07-2020;17-07-2020
LILLY;07-09-2020;07-09-2020
LILLY;21-09-2020;21-09-2020
LILLY;23-09-2020;23-09-2020
LILLY;14-10-2020;14-10-2020
LILLY;14-10-2020;22-10-2020
LILLY;20-10-2020;20-10-2020
LILLY;26-10-2020;27-10-2020
LILLY;30-10-2020;30-10-2020
LUNDBECK;08-01-2020;10-01-2020
LUNDBECK;10-01-2020;13-01-2020
LUNDBECK;10-01-2020;17-01-2020
LUNDBECK;13-01-2020;13-01-2020
LUNDBECK;17-01-2020;17-01-2020
LUNDBECK;29-01-2020;31-01-2020
LUNDBECK;23-03-2020;23-03-2020
LUNDBECK;27-03-2020;31-03-2020
LUNDBECK;03-04-2020;06-04-2020
LUNDBECK;07-04-2020;08-04-2020
LUNDBECK;07-04-2020;15-04-2020
LUNDBECK;29-04-2020;29-04-2020
LUNDBECK;04-05-2020;04-05-2020
LUNDBECK;18-05-2020;18-05-2020
LUNDBECK;25-05-2020;17-06-2020
LUNDBECK;10-06-2020;10-06-2020
LUNDBECK;15-06-2020;15-06-2020
LUNDBECK;17-06-2020;17-06-2020
LUNDBECK;18-06-2020;24-06-2020
LUNDBECK;26-06-2020;29-06-2020
LUNDBECK;26-06-2020;30-06-2020
LUNDBECK;08-07-2020;20-08-2020
LUNDBECK;07-08-2020;10-08-2020
LUNDBECK;13-08-2020;13-08-2020
LUNDBECK;24-09-2020;24-09-2020
LUNDBECK;28-10-2020;29-10-2020
LUNDBECK;30-10-2020;30-10-2020
MEDAC;03-01-2020;03-01-2020
MEDAC;27-01-2020;27-01-2020
MEDAC;11-02-2020;11-02-2020
MEDAC;03-03-2020;10-03-2020
MEDAC;07-04-2020;07-04-2020
MEDAC;13-10-2020;15-10-2020
MENARINI;05-08-2020;05-08-2020
MENARINI;04-09-2020;07-09-2020
MENARINI;16-11-2020;03-12-2020
MSD;03-01-2020;03-01-2020
MSD;08-01-2020;12-03-2020
MSD;10-01-2020;10-01-2020
MSD;13-01-2020;13-01-2020
MSD;15-01-2020;21-01-2020
MSD;16-01-2020;17-01-2020
MSD;21-01-2020;22-01-2020
MSD;22-01-2020;22-01-2020
MSD;24-01-2020;27-01-2020
MSD;27-01-2020;27-01-2020
MSD;29-01-2020;07-02-2020
MSD;03-02-2020;07-02-2020
MSD;04-02-2020;07-02-2020
MSD;19-02-2020;23-04-2020
MSD;25-02-2020;18-03-2020
MSD;26-02-2020;26-02-2020
MSD;26-02-2020;20-03-2020
MSD;03-03-2020;18-03-2020
MSD;03-03-2020;19-03-2020
MSD;05-03-2020;05-03-2020
MSD;11-03-2020;16-03-2020
MSD;16-03-2020;20-03-2020
MSD;16-03-2020;03-04-2020
MSD;24-03-2020;27-03-2020
MSD;25-03-2020;25-03-2020
MSD;25-03-2020;15-04-2020
MSD;01-04-2020;15-04-2020
MSD;02-04-2020;11-05-2020
MSD;03-04-2020;06-04-2020
MSD;07-04-2020;15-04-2020
MSD;07-04-2020;01-05-2020
MSD;08-04-2020;15-04-2020
MSD;07-05-2020;02-09-2020
MSD;11-05-2020;17-06-2020
MSD;13-05-2020;13-05-2020
MSD;15-05-2020;15-05-2020
MSD;15-05-2020;22-05-2020
MSD;18-05-2020;25-05-2020
MSD;19-05-2020;25-05-2020
MSD;25-05-2020;25-05-2020
MSD;26-05-2020;28-05-2020
MSD;27-05-2020;27-05-2020
MSD;28-05-2020;07-10-2020
MSD;01-06-2020;01-06-2020
MSD;01-06-2020;26-06-2020
MSD;08-06-2020;01-07-2020
MSD;08-06-2020;23-07-2020
MSD;10-06-2020;10-06-2020
MSD;10-06-2020;08-07-2020
MSD;10-06-2020;22-07-2020
MSD;15-06-2020;10-07-2020
MSD;17-06-2020;17-06-2020
MSD;26-06-2020;29-06-2020
MSD;29-06-2020;29-06-2020
MSD;29-06-2020;03-07-2020
MSD;30-06-2020;03-07-2020
MSD;02-07-2020;15-07-2020
MSD;07-07-2020;07-07-2020
MSD;08-07-2020;08-07-2020
MSD;09-07-2020;10-07-2020
MSD;09-07-2020;15-07-2020
MSD;09-07-2020;04-08-2020
MSD;10-07-2020;17-08-2020
MSD;13-07-2020;13-07-2020
MSD;13-07-2020;15-07-2020
MSD;13-07-2020;02-12-2020
MSD;14-07-2020;28-08-2020
MSD;15-07-2020;17-07-2020
MSD;17-07-2020;21-07-2020
MSD;17-07-2020;30-07-2020
MSD;22-07-2020;04-08-2020
MSD;27-07-2020;27-07-2020
MSD;04-08-2020;05-08-2020
MSD;06-08-2020;12-08-2020
MSD;06-08-2020;17-08-2020
MSD;07-08-2020;10-08-2020
MSD;12-08-2020;19-08-2020
MSD;12-08-2020;24-08-2020
MSD;13-08-2020;17-08-2020
MSD;14-08-2020;17-08-2020
MSD;28-08-2020;03-09-2020
MSD;28-08-2020;14-09-2020
MSD;31-08-2020;01-09-2020
MSD;01-09-2020;01-09-2020
MSD;04-09-2020;09-09-2020
MSD;21-09-2020;21-09-2020
MSD;24-09-2020;29-09-2020
MSD;30-09-2020;11-11-2020
MSD;01-10-2020;05-10-2020
MSD;02-10-2020;05-10-2020
MSD;09-10-2020;11-11-2020
MSD;13-10-2020;15-10-2020
MSD;14-10-2020;14-10-2020
MSD;16-10-2020;19-10-2020
MSD;20-10-2020;23-11-2020
MSD;26-10-2020;28-10-2020
MSD;02-11-2020;02-11-2020
MSD;06-11-2020;11-11-2020
MSD;16-11-2020;16-11-2020
MSD;18-11-2020;18-11-2020
MSD;18-11-2020;27-11-2020
MSD;20-11-2020;28-11-2020
MSD;27-11-2020;30-11-2020
MSD;27-11-2020;07-12-2020
MSD;30-11-2020;01-12-2020
MSD;30-11-2020;04-12-2020
MSD;30-11-2020;10-12-2020
MSD;04-12-2020;04-12-2020
MSD;08-12-2020;09-12-2020
MSD;10-12-2020;28-12-2020
MSD;11-12-2020;14-12-2020
MSD;14-12-2020;14-12-2020
MUNDIPHARMA;28-05-2020;15-06-2020
MUNDIPHARMA;15-06-2020;15-06-2020
MUNDIPHARMA;10-11-2020;03-12-2020
MYLAN;01-01-2020;03-01-2020
MYLAN;01-01-2020;07-05-2020
MYLAN;03-01-2020;03-01-2020
MYLAN;06-01-2020;28-01-2020
MYLAN;07-01-2020;09-01-2020
MYLAN;09-01-2020;09-01-2020
MYLAN;10-01-2020;10-01-2020
MYLAN;14-01-2020;16-01-2020
MYLAN;23-01-2020;29-01-2020
MYLAN;28-01-2020;29-01-2020
MYLAN;04-02-2020;06-02-2020
MYLAN;10-02-2020;27-04-2020
MYLAN;05-03-2020;05-03-2020
MYLAN;06-03-2020;11-03-2020
MYLAN;12-03-2020;13-03-2020
MYLAN;17-03-2020;27-04-2020
MYLAN;23-03-2020;23-03-2020
MYLAN;01-04-2020;17-04-2020
MYLAN;03-04-2020;03-04-2020
MYLAN;06-04-2020;18-05-2020
MYLAN;08-04-2020;08-04-2020
MYLAN;21-04-2020;21-04-2020
MYLAN;21-04-2020;23-04-2020
MYLAN;23-04-2020;23-04-2020
MYLAN;28-04-2020;15-06-2020
MYLAN;29-04-2020;01-05-2020
MYLAN;04-05-2020;04-05-2020
MYLAN;04-05-2020;11-05-2020
MYLAN;05-05-2020;10-07-2020
MYLAN;07-05-2020;02-07-2020
MYLAN;12-05-2020;25-05-2020
MYLAN;13-05-2020;13-05-2020
MYLAN;18-05-2020;18-05-2020
MYLAN;04-06-2020;09-06-2020
MYLAN;09-06-2020;09-06-2020
MYLAN;11-06-2020;27-07-2020
MYLAN;12-06-2020;12-06-2020
MYLAN;12-06-2020;15-06-2020
MYLAN;16-06-2020;17-06-2020
MYLAN;17-06-2020;17-06-2020
MYLAN;19-06-2020;19-06-2020
MYLAN;30-06-2020;30-06-2020
MYLAN;02-07-2020;17-08-2020
MYLAN;07-07-2020;07-07-2020
MYLAN;07-07-2020;20-07-2020
MYLAN;10-07-2020;10-07-2020
MYLAN;27-07-2020;27-07-2020
MYLAN;29-07-2020;30-07-2020
MYLAN;07-08-2020;10-08-2020
MYLAN;07-08-2020;18-11-2020
MYLAN;10-08-2020;10-08-2020
MYLAN;10-08-2020;14-09-2020
MYLAN;12-08-2020;12-08-2020
MYLAN;13-08-2020;13-08-2020
MYLAN;13-08-2020;17-08-2020
MYLAN;20-08-2020;20-08-2020
MYLAN;27-08-2020;07-09-2020
MYLAN;31-08-2020;31-08-2020
MYLAN;31-08-2020;02-09-2020
MYLAN;31-08-2020;04-09-2020
MYLAN;04-09-2020;07-09-2020
MYLAN;04-09-2020;15-10-2020
MYLAN;07-09-2020;07-09-2020
MYLAN;08-09-2020;21-09-2020
MYLAN;09-09-2020;09-09-2020
MYLAN;09-09-2020;14-09-2020
MYLAN;18-09-2020;21-09-2020
MYLAN;18-09-2020;01-12-2020
MYLAN;23-09-2020;23-09-2020
MYLAN;25-09-2020;25-09-2020
MYLAN;30-09-2020;05-11-2020
MYLAN;01-10-2020;30-10-2020
MYLAN;02-10-2020;02-10-2020
MYLAN;02-10-2020;08-10-2020
MYLAN;05-10-2020;05-11-2020
MYLAN;06-10-2020;06-10-2020
MYLAN;06-10-2020;28-10-2020
MYLAN;12-10-2020;12-10-2020
MYLAN;12-10-2020;21-10-2020
MYLAN;13-10-2020;16-10-2020
MYLAN;15-10-2020;21-10-2020
MYLAN;19-10-2020;19-10-2020
MYLAN;20-10-2020;22-10-2020
MYLAN;25-10-2020;25-11-2020
MYLAN;28-10-2020;28-12-2020
MYLAN;29-10-2020;30-10-2020
MYLAN;10-11-2020;10-11-2020
MYLAN;16-11-2020;17-11-2020
MYLAN;16-11-2020;21-12-2020
MYLAN;19-11-2020;07-12-2020
MYLAN;23-11-2020;23-11-2020
MYLAN;27-11-2020;30-11-2020
MYLAN;01-12-2020;15-12-2020
MYLAN;01-12-2020;22-12-2020
MYLAN;15-12-2020;21-12-2020
MYLAN;21-12-2020;21-12-2020
MYLAN;23-12-2020;28-12-2020
MYLAN;28-12-2020;28-12-2020
NAVAMEDIC;15-04-2020;15-04-2020
NAVAMEDIC;18-05-2020;18-05-2020
NAVAMEDIC;01-06-2020;01-06-2020
NAVAMEDIC;17-07-2020;17-07-2020
NAVAMEDIC;07-09-2020;09-09-2020
NAVAMEDIC;18-09-2020;22-09-2020
NAVAMEDIC;21-12-2020;21-12-2020
NESTLE;17-01-2020;17-01-2020
NESTLE;10-02-2020;10-02-2020
NESTLE;25-02-2020;06-03-2020
NESTLE;19-03-2020;08-06-2020
NESTLE;20-03-2020;23-03-2020
NESTLE;25-03-2020;25-03-2020
NESTLE;06-04-2020;06-04-2020
NESTLE;08-04-2020;16-06-2020
NESTLE;21-04-2020;25-05-2020
NESTLE;14-05-2020;31-08-2020
NESTLE;27-05-2020;27-05-2020
NESTLE;28-05-2020;29-05-2020
NESTLE;01-06-2020;01-06-2020
NESTLE;03-06-2020;01-07-2020
NESTLE;15-06-2020;31-07-2020
NESTLE;24-06-2020;25-06-2020
NESTLE;07-07-2020;10-07-2020
NESTLE;14-07-2020;17-07-2020
NESTLE;15-07-2020;17-07-2020
NESTLE;31-08-2020;09-09-2020
NESTLE;17-09-2020;06-10-2020
NESTLE;21-09-2020;21-09-2020
NESTLE;22-09-2020;25-09-2020
NESTLE;13-10-2020;19-10-2020
NESTLE;13-11-2020;16-11-2020
NESTLE;18-11-2020;30-11-2020
NORDIC GROUP;21-02-2020;20-08-2020
NORDIC GROUP;06-03-2020;09-03-2020
NORDIC GROUP;23-03-2020;24-04-2020
NORDIC GROUP;30-03-2020;31-03-2020
NORDIC GROUP;03-04-2020;23-04-2020
NORDIC GROUP;18-05-2020;22-05-2020
NORDIC GROUP;10-06-2020;10-07-2020
NORDIC GROUP;15-07-2020;30-10-2020
NORDICINFU CARE;05-05-2020;11-05-2020
NORDICINFU CARE;15-05-2020;18-05-2020
NORDICINFU CARE;20-05-2020;25-05-2020
NORDICINFU CARE;01-06-2020;02-06-2020
NORDICINFU CARE;04-06-2020;15-06-2020
NORDICINFU CARE;24-06-2020;03-07-2020
NORDICINFU CARE;07-08-2020;10-08-2020
NORDICINFU CARE;21-09-2020;21-09-2020
NORDICINFU CARE;06-10-2020;07-10-2020
NORDICINFU CARE;30-11-2020;30-11-2020
NORGINE;08-03-2020;18-05-2020
NORGINE;18-06-2020;02-10-2020
NORGINE;04-09-2020;09-10-2020
NOVARTIS;01-01-2020;29-01-2020
NOVARTIS;10-01-2020;10-01-2020
NOVARTIS;13-01-2020;17-01-2020
NOVARTIS;13-01-2020;11-02-2020
NOVARTIS;20-01-2020;24-01-2020
NOVARTIS;22-01-2020;28-02-2020
NOVARTIS;29-01-2020;07-02-2020
NOVARTIS;14-02-2020;06-03-2020
NOVARTIS;03-03-2020;20-03-2020
NOVARTIS;12-03-2020;16-03-2020
NOVARTIS;23-03-2020;23-03-2020
NOVARTIS;25-03-2020;31-03-2020
NOVARTIS;03-04-2020;06-04-2020
NOVARTIS;06-04-2020;06-04-2020
NOVARTIS;14-04-2020;15-04-2020
NOVARTIS;15-04-2020;28-04-2020
NOVARTIS;21-04-2020;01-05-2020
NOVARTIS;24-04-2020;04-05-2020
NOVARTIS;01-05-2020;06-05-2020
NOVARTIS;18-05-2020;25-05-2020
NOVARTIS;18-05-2020;30-06-2020
NOVARTIS;19-05-2020;19-05-2020
NOVARTIS;19-05-2020;17-07-2020
NOVARTIS;01-06-2020;01-06-2020
NOVARTIS;08-06-2020;29-06-2020
NOVARTIS;09-06-2020;17-08-2020
NOVARTIS;10-06-2020;10-06-2020
NOVARTIS;15-06-2020;15-06-2020
NOVARTIS;15-06-2020;17-06-2020
NOVARTIS;15-06-2020;18-06-2020
NOVARTIS;16-06-2020;16-06-2020
NOVARTIS;17-06-2020;18-06-2020
NOVARTIS;19-06-2020;19-06-2020
NOVARTIS;23-06-2020;23-06-2020
NOVARTIS;23-06-2020;16-07-2020
NOVARTIS;24-06-2020;01-07-2020
NOVARTIS;25-06-2020;17-08-2020
NOVARTIS;25-06-2020;01-09-2020
NOVARTIS;25-06-2020;28-09-2020
NOVARTIS;26-06-2020;29-06-2020
NOVARTIS;29-06-2020;09-09-2020
NOVARTIS;30-06-2020;01-07-2020
NOVARTIS;30-06-2020;09-09-2020
NOVARTIS;07-07-2020;07-07-2020
NOVARTIS;07-07-2020;30-10-2020
NOVARTIS;13-07-2020;13-07-2020
NOVARTIS;17-07-2020;17-07-2020
NOVARTIS;23-07-2020;11-08-2020
NOVARTIS;27-07-2020;27-07-2020
NOVARTIS;29-07-2020;05-08-2020
NOVARTIS;29-07-2020;07-08-2020
NOVARTIS;29-07-2020;10-08-2020
NOVARTIS;03-08-2020;03-08-2020
NOVARTIS;13-08-2020;17-08-2020
NOVARTIS;21-08-2020;04-09-2020
NOVARTIS;28-08-2020;28-08-2020
NOVARTIS;28-08-2020;04-09-2020
NOVARTIS;01-09-2020;04-09-2020
NOVARTIS;02-09-2020;04-09-2020
NOVARTIS;02-09-2020;19-10-2020
NOVARTIS;08-09-2020;08-09-2020
NOVARTIS;28-09-2020;02-10-2020
NOVARTIS;28-09-2020;06-10-2020
NOVARTIS;30-09-2020;30-09-2020
NOVARTIS;05-10-2020;05-10-2020
NOVARTIS;06-10-2020;15-11-2020
NOVARTIS;13-10-2020;14-10-2020
NOVARTIS;15-10-2020;15-10-2020
NOVARTIS;16-10-2020;30-10-2020
NOVARTIS;19-10-2020;19-10-2020
NOVARTIS;19-10-2020;20-10-2020
NOVARTIS;23-10-2020;23-10-2020
NOVARTIS;23-10-2020;30-10-2020
NOVARTIS;26-10-2020;26-10-2020
NOVARTIS;27-10-2020;27-10-2020
NOVARTIS;28-10-2020;28-10-2020
NOVARTIS;30-10-2020;30-10-2020
NOVARTIS;01-11-2020;31-12-2020
NOVARTIS;10-11-2020;07-12-2020
NOVARTIS;23-11-2020;23-11-2020
NOVARTIS;25-11-2020;08-12-2020
NOVARTIS;02-12-2020;04-12-2020
NOVARTIS;04-12-2020;04-12-2020
NOVARTIS;08-12-2020;21-12-2020
NOVARTIS;15-12-2020;15-12-2020
NOVARTIS;28-12-2020;28-12-2020
NOVO NORDISK;04-02-2020;05-02-2020
NOVO NORDISK;19-03-2020;19-03-2020
NOVO NORDISK;03-04-2020;06-04-2020
NOVO NORDISK;06-07-2020;07-07-2020
NOVO NORDISK;02-10-2020;09-10-2020
NOVO NORDISK;15-10-2020;16-10-2020
NOVO NORDISK;19-10-2020;19-10-2020
NOVO NORDISK;04-11-2020;21-12-2020
NOVO NORDISK;16-11-2020;27-11-2020
OCTAPHARMA;06-01-2020;07-02-2020
OCTAPHARMA;20-02-2020;15-04-2020
OCTAPHARMA;12-03-2020;18-03-2020
OCTAPHARMA;19-03-2020;15-04-2020
OCTAPHARMA;02-04-2020;15-04-2020
OCTAPHARMA;15-04-2020;15-04-2020
OCTAPHARMA;06-05-2020;27-05-2020
OCTAPHARMA;07-05-2020;09-06-2020
OCTAPHARMA;01-06-2020;01-06-2020
OCTAPHARMA;02-07-2020;13-07-2020
OCTAPHARMA;06-07-2020;09-07-2020
OCTAPHARMA;16-07-2020;17-07-2020
OCTAPHARMA;24-07-2020;24-07-2020
OCTAPHARMA;24-07-2020;04-08-2020
OCTAPHARMA;28-07-2020;17-08-2020
OCTAPHARMA;06-08-2020;17-08-2020
OCTAPHARMA;20-08-2020;25-08-2020
OCTAPHARMA;26-08-2020;26-08-2020
OCTAPHARMA;27-08-2020;01-09-2020
OCTAPHARMA;28-08-2020;11-09-2020
OCTAPHARMA;01-09-2020;09-09-2020
OCTAPHARMA;16-09-2020;30-10-2020
OCTAPHARMA;01-10-2020;12-10-2020
OCTAPHARMA;08-10-2020;12-10-2020
OCTAPHARMA;19-10-2020;30-10-2020
ORIFARM;09-01-2020;09-01-2020
ORIFARM;04-02-2020;07-02-2020
ORIFARM;26-02-2020;31-03-2020
ORIFARM;17-03-2020;18-03-2020
ORIFARM;13-05-2020;14-05-2020
ORIFARM;18-05-2020;22-05-2020
ORIFARM;27-05-2020;24-07-2020
ORIFARM;15-07-2020;15-07-2020
ORIFARM;28-07-2020;19-08-2020
ORIFARM;15-09-2020;15-09-2020
ORIFARM;17-09-2020;08-10-2020
ORIFARM;18-09-2020;22-09-2020
ORIFARM;05-10-2020;01-11-2020
ORIFARM;20-10-2020;07-12-2020
ORIFARM;30-10-2020;30-10-2020
ORIFARM;30-10-2020;18-11-2020
ORIFARM;20-11-2020;07-12-2020
ORION;13-01-2020;13-01-2020
ORION;14-01-2020;15-01-2020
ORION;17-01-2020;28-01-2020
ORION;23-01-2020;21-06-2020
ORION;27-01-2020;27-01-2020
ORION;31-01-2020;31-01-2020
ORION;04-02-2020;19-03-2020
ORION;14-02-2020;07-06-2020
ORION;18-02-2020;24-03-2020
ORION;21-02-2020;20-08-2020
ORION;25-02-2020;11-10-2020
ORION;27-02-2020;25-05-2020
ORION;02-03-2020;09-03-2020
ORION;03-03-2020;09-03-2020
ORION;04-03-2020;25-05-2020
ORION;06-03-2020;31-05-2020
ORION;16-03-2020;06-04-2020
ORION;16-03-2020;20-08-2020
ORION;19-03-2020;30-03-2020
ORION;20-03-2020;01-11-2020
ORION;23-03-2020;09-09-2020
ORION;01-04-2020;01-04-2020
ORION;06-04-2020;06-04-2020
ORION;07-04-2020;15-04-2020
ORION;14-04-2020;15-04-2020
ORION;17-04-2020;12-06-2020
ORION;20-04-2020;17-06-2020
ORION;21-04-2020;21-04-2020
ORION;23-04-2020;24-04-2020
ORION;29-04-2020;13-05-2020
ORION;29-04-2020;31-05-2020
ORION;30-04-2020;04-05-2020
ORION;30-04-2020;13-05-2020
ORION;06-05-2020;11-05-2020
ORION;07-05-2020;20-09-2020
ORION;11-05-2020;12-06-2020
ORION;12-05-2020;14-05-2020
ORION;13-05-2020;13-05-2020
ORION;15-05-2020;22-05-2020
ORION;19-05-2020;19-05-2020
ORION;19-05-2020;27-05-2020
ORION;20-05-2020;22-05-2020
ORION;26-05-2020;28-05-2020
ORION;27-05-2020;07-12-2020
ORION;28-05-2020;28-05-2020
ORION;29-05-2020;12-06-2020
ORION;01-06-2020;01-06-2020
ORION;01-06-2020;04-08-2020
ORION;03-06-2020;20-08-2020
ORION;09-06-2020;09-06-2020
ORION;09-06-2020;15-06-2020
ORION;12-06-2020;15-06-2020
ORION;15-06-2020;01-07-2020
ORION;16-06-2020;16-06-2020
ORION;19-06-2020;18-11-2020
ORION;22-06-2020;22-06-2020
ORION;22-06-2020;06-07-2020
ORION;22-06-2020;02-09-2020
ORION;24-06-2020;26-06-2020
ORION;29-06-2020;29-06-2020
ORION;29-06-2020;30-06-2020
ORION;30-06-2020;01-07-2020
ORION;01-07-2020;13-07-2020
ORION;02-07-2020;02-07-2020
ORION;03-07-2020;03-07-2020
ORION;03-07-2020;16-07-2020
ORION;06-07-2020;10-08-2020
ORION;07-07-2020;07-07-2020
ORION;07-07-2020;13-07-2020
ORION;08-07-2020;08-07-2020
ORION;08-07-2020;17-08-2020
ORION;09-07-2020;09-07-2020
ORION;13-07-2020;27-07-2020
ORION;14-07-2020;15-07-2020
ORION;15-07-2020;15-07-2020
ORION;15-07-2020;10-08-2020
ORION;27-07-2020;27-07-2020
ORION;27-07-2020;28-07-2020
ORION;27-07-2020;17-08-2020
ORION;28-07-2020;28-07-2020
ORION;28-07-2020;21-12-2020
ORION;31-07-2020;27-09-2020
ORION;04-08-2020;05-08-2020
ORION;06-08-2020;17-08-2020
ORION;10-08-2020;10-08-2020
ORION;10-08-2020;11-08-2020
ORION;10-08-2020;17-08-2020
ORION;12-08-2020;20-09-2020
ORION;13-08-2020;13-08-2020
ORION;17-08-2020;20-08-2020
ORION;20-08-2020;20-08-2020
ORION;25-08-2020;25-08-2020
ORION;25-08-2020;04-09-2020
ORION;25-08-2020;09-09-2020
ORION;27-08-2020;07-09-2020
ORION;28-08-2020;28-08-2020
ORION;31-08-2020;02-09-2020
ORION;31-08-2020;06-10-2020
ORION;01-09-2020;09-09-2020
ORION;04-09-2020;07-09-2020
ORION;04-09-2020;21-10-2020
ORION;08-09-2020;14-09-2020
ORION;09-09-2020;09-09-2020
ORION;09-09-2020;02-12-2020
ORION;10-09-2020;14-09-2020
ORION;16-09-2020;06-10-2020
ORION;17-09-2020;22-09-2020
ORION;21-09-2020;07-12-2020
ORION;22-09-2020;19-10-2020
ORION;23-09-2020;07-12-2020
ORION;30-09-2020;31-12-2020
ORION;01-10-2020;12-10-2020
ORION;02-10-2020;02-10-2020
ORION;02-10-2020;05-10-2020
ORION;05-10-2020;05-10-2020
ORION;05-10-2020;07-12-2020
ORION;06-10-2020;06-10-2020
ORION;06-10-2020;26-10-2020
ORION;07-10-2020;07-10-2020
ORION;07-10-2020;15-10-2020
ORION;15-10-2020;15-10-2020
ORION;15-10-2020;19-10-2020
ORION;15-10-2020;26-10-2020
ORION;16-10-2020;21-10-2020
ORION;19-10-2020;23-10-2020
ORION;19-10-2020;30-10-2020
ORION;20-10-2020;20-10-2020
ORION;22-10-2020;26-10-2020
ORION;27-10-2020;30-10-2020
ORION;29-10-2020;29-10-2020
ORION;02-11-2020;30-11-2020
ORION;05-11-2020;15-11-2020
ORION;09-11-2020;09-11-2020
ORION;12-11-2020;31-12-2020
ORION;23-11-2020;23-11-2020
ORION;26-11-2020;10-12-2020
ORION;27-11-2020;01-12-2020
ORION;02-12-2020;02-12-2020
ORION;03-12-2020;07-12-2020
ORPHA DEVEL;05-03-2020;05-03-2020
ORPHA DEVEL;07-05-2020;12-05-2020
ORPHA DEVEL;22-09-2020;08-10-2020
OTSUKA;15-01-2020;16-01-2020
OTSUKA;26-05-2020;27-05-2020
OTSUKA;15-06-2020;15-06-2020
PANPHARMA;10-01-2020;13-01-2020
PANPHARMA;04-09-2020;08-09-2020
PARANOVA;08-01-2020;08-04-2020
PARANOVA;03-02-2020;28-02-2020
PARANOVA;03-02-2020;30-04-2020
PARANOVA;20-03-2020;30-04-2020
PARANOVA;20-03-2020;24-09-2020
PARANOVA;08-04-2020;02-07-2020
PARANOVA;22-04-2020;22-06-2020
PARANOVA;12-05-2020;18-06-2020
PARANOVA;12-05-2020;30-06-2020
PARANOVA;09-06-2020;31-07-2020
PARANOVA;12-06-2020;31-07-2020
PARANOVA;24-06-2020;31-07-2020
PARANOVA;11-08-2020;01-10-2020
PARANOVA;26-08-2020;31-12-2020
PARANOVA;27-10-2020;31-12-2020
PARANOVA;10-11-2020;31-12-2020
PARANOVA;13-11-2020;31-12-2020
PERRIGO;08-01-2020;10-01-2020
PERRIGO;31-01-2020;07-02-2020
PERRIGO;08-10-2020;08-10-2020
PERRIGO;05-11-2020;06-11-2020
PERRIGO;10-11-2020;16-11-2020
PERRIGO;20-11-2020;24-11-2020
PERRIGO;27-11-2020;01-12-2020
PFIZER;01-01-2020;06-01-2020
PFIZER;01-01-2020;09-01-2020
PFIZER;01-01-2020;24-01-2020
PFIZER;07-01-2020;04-02-2020
PFIZER;08-01-2020;08-01-2020
PFIZER;09-01-2020;10-01-2020
PFIZER;09-01-2020;09-03-2020
PFIZER;10-01-2020;10-01-2020
PFIZER;10-01-2020;13-01-2020
PFIZER;10-01-2020;07-02-2020
PFIZER;17-01-2020;17-01-2020
PFIZER;17-01-2020;20-01-2020
PFIZER;17-01-2020;23-01-2020
PFIZER;17-01-2020;04-02-2020
PFIZER;20-01-2020;18-06-2020
PFIZER;20-01-2020;07-12-2020
PFIZER;28-01-2020;28-01-2020
PFIZER;28-01-2020;31-01-2020
PFIZER;29-01-2020;06-03-2020
PFIZER;31-01-2020;03-02-2020
PFIZER;31-01-2020;07-02-2020
PFIZER;31-01-2020;31-03-2020
PFIZER;04-02-2020;07-02-2020
PFIZER;11-02-2020;11-02-2020
PFIZER;20-02-2020;20-02-2020
PFIZER;24-02-2020;24-02-2020
PFIZER;25-02-2020;07-05-2020
PFIZER;28-02-2020;28-02-2020
PFIZER;02-03-2020;26-03-2020
PFIZER;03-03-2020;05-03-2020
PFIZER;03-03-2020;10-03-2020
PFIZER;05-03-2020;30-04-2020
PFIZER;09-03-2020;30-04-2020
PFIZER;20-03-2020;20-03-2020
PFIZER;06-04-2020;06-04-2020
PFIZER;07-04-2020;08-05-2020
PFIZER;08-04-2020;08-04-2020
PFIZER;15-04-2020;24-04-2020
PFIZER;20-04-2020;15-05-2020
PFIZER;22-04-2020;18-05-2020
PFIZER;23-04-2020;04-05-2020
PFIZER;01-05-2020;15-05-2020
PFIZER;04-05-2020;26-05-2020
PFIZER;11-05-2020;12-05-2020
PFIZER;15-05-2020;10-06-2020
PFIZER;18-05-2020;18-05-2020
PFIZER;26-05-2020;29-06-2020
PFIZER;01-06-2020;10-06-2020
PFIZER;04-06-2020;17-08-2020
PFIZER;11-06-2020;12-06-2020
PFIZER;12-06-2020;22-06-2020
PFIZER;18-06-2020;18-06-2020
PFIZER;25-06-2020;28-08-2020
PFIZER;30-06-2020;01-07-2020
PFIZER;06-07-2020;06-07-2020
PFIZER;06-07-2020;17-08-2020
PFIZER;04-08-2020;04-08-2020
PFIZER;11-08-2020;11-08-2020
PFIZER;02-09-2020;02-09-2020
PFIZER;03-09-2020;04-09-2020
PFIZER;07-09-2020;08-09-2020
PFIZER;09-09-2020;09-09-2020
PFIZER;22-09-2020;22-09-2020
PFIZER;22-09-2020;23-09-2020
PFIZER;25-09-2020;25-09-2020
PFIZER;29-09-2020;31-10-2020
PFIZER;02-10-2020;05-10-2020
PFIZER;05-10-2020;05-10-2020
PFIZER;05-10-2020;23-10-2020
PFIZER;08-10-2020;09-10-2020
PFIZER;09-10-2020;09-10-2020
PFIZER;12-10-2020;20-10-2020
PFIZER;13-10-2020;16-10-2020
PFIZER;23-10-2020;23-10-2020
PFIZER;30-10-2020;01-12-2020
PFIZER;02-12-2020;07-12-2020
PFIZER;09-12-2020;09-12-2020
PFIZER;09-12-2020;10-12-2020
PFIZER;17-12-2020;21-12-2020
PHARMA NORD;23-03-2020;25-03-2020
PHARMA NORD;07-10-2020;07-10-2020
PHARMACOSMOS;13-05-2020;13-05-2020
PIERRE FABRE;09-03-2020;09-03-2020
PIERRE FABRE;03-04-2020;14-04-2020
PIERRE FABRE;27-04-2020;06-05-2020
PIERRE FABRE;25-05-2020;15-06-2020
PIERRE FABRE;01-09-2020;30-09-2020
PIERRE FABRE;04-09-2020;07-09-2020
PIERRE FABRE;07-09-2020;22-09-2020
PIERRE FABRE;14-09-2020;22-09-2020
PIERRE FABRE;18-09-2020;29-09-2020
PIERRE FABRE;09-10-2020;22-10-2020
PIERRE FABRE;18-12-2020;21-12-2020
POA PHARMA SCANDIN;06-02-2020;07-02-2020
POA PHARMA SCANDIN;21-09-2020;23-09-2020
RECORDATI;10-01-2020;10-01-2020
RECORDATI;10-01-2020;13-01-2020
RECORDATI;10-01-2020;31-03-2020
RECORDATI;23-01-2020;31-03-2020
RECORDATI;27-01-2020;27-01-2020
RECORDATI;06-03-2020;06-03-2020
RECORDATI;01-04-2020;01-04-2020
RECORDATI;02-04-2020;15-04-2020
RECORDATI;08-04-2020;15-04-2020
RECORDATI;29-04-2020;01-05-2020
RECORDATI;18-05-2020;18-05-2020
RECORDATI;03-06-2020;08-06-2020
RECORDATI;10-06-2020;19-06-2020
RECORDATI;12-06-2020;20-07-2020
RECORDATI;18-06-2020;19-06-2020
RECORDATI;22-06-2020;25-06-2020
RECORDATI;23-06-2020;25-06-2020
RECORDATI;30-06-2020;03-07-2020
RECORDATI;02-07-2020;03-07-2020
RECORDATI;07-07-2020;07-07-2020
RECORDATI;07-07-2020;04-08-2020
RECORDATI;09-07-2020;10-07-2020
RECORDATI;17-07-2020;20-07-2020
RECORDATI;21-07-2020;29-07-2020
RECORDATI;23-07-2020;23-07-2020
RECORDATI;27-07-2020;27-07-2020
RECORDATI;27-07-2020;31-07-2020
RECORDATI;07-08-2020;14-08-2020
RECORDATI;10-09-2020;14-09-2020
RECORDATI;21-09-2020;30-09-2020
RECORDATI;30-09-2020;02-10-2020
RECORDATI;02-10-2020;06-10-2020
RECORDATI;14-10-2020;16-10-2020
RECORDATI;19-10-2020;21-10-2020
RECORDATI;22-10-2020;23-10-2020
RECORDATI;28-10-2020;28-10-2020
RECORDATI;27-11-2020;30-11-2020
RECORDATI;30-11-2020;31-12-2020
RECORDATI;01-12-2020;03-12-2020
RECORDATI;02-12-2020;02-12-2020
RECORDATI;07-12-2020;07-12-2020
RECORDATI;09-12-2020;21-12-2020
RECORDATI;14-12-2020;14-12-2020
RECORDATI;16-12-2020;21-12-2020
ROCHE;01-06-2020;01-06-2020
ROCHE;01-06-2020;23-10-2020
ROCHE;12-08-2020;23-10-2020
ROCHE;18-08-2020;20-11-2020
ROCHE;13-10-2020;15-10-2020
SANDOZ;06-01-2020;10-07-2020
SANDOZ;07-01-2020;07-02-2020
SANDOZ;08-01-2020;13-01-2020
SANDOZ;15-01-2020;15-01-2020
SANDOZ;20-01-2020;22-01-2020
SANDOZ;28-01-2020;13-02-2020
SANDOZ;05-02-2020;12-02-2020
SANDOZ;17-02-2020;13-03-2020
SANDOZ;19-02-2020;08-04-2020
SANDOZ;24-02-2020;15-04-2020
SANDOZ;09-03-2020;03-07-2020
SANDOZ;12-03-2020;18-05-2020
SANDOZ;17-03-2020;17-03-2020
SANDOZ;16-04-2020;19-06-2020
SANDOZ;05-05-2020;25-05-2020
SANDOZ;12-05-2020;13-05-2020
SANDOZ;15-05-2020;22-05-2020
SANDOZ;15-05-2020;03-07-2020
SANDOZ;01-06-2020;28-07-2020
SANDOZ;15-06-2020;23-06-2020
SANDOZ;17-06-2020;24-06-2020
SANDOZ;26-06-2020;26-06-2020
SANDOZ;26-06-2020;10-07-2020
SANDOZ;30-06-2020;30-06-2020
SANDOZ;09-07-2020;17-08-2020
SANDOZ;16-07-2020;03-08-2020
SANDOZ;02-09-2020;06-10-2020
SANDOZ;02-09-2020;08-12-2020
SANDOZ;04-09-2020;04-09-2020
SANDOZ;04-09-2020;09-09-2020
SANDOZ;09-09-2020;09-09-2020
SANDOZ;22-09-2020;05-10-2020
SANDOZ;16-10-2020;16-10-2020
SANDOZ;27-10-2020;28-10-2020
SANOFI;06-01-2020;14-01-2020
SANOFI;10-01-2020;07-02-2020
SANOFI;24-01-2020;04-02-2020
SANOFI;31-01-2020;18-03-2020
SANOFI;20-02-2020;03-04-2020
SANOFI;06-03-2020;09-03-2020
SANOFI;06-03-2020;31-03-2020
SANOFI;06-03-2020;30-04-2020
SANOFI;11-03-2020;11-03-2020
SANOFI;16-03-2020;01-04-2020
SANOFI;17-03-2020;01-04-2020
SANOFI;17-03-2020;03-04-2020
SANOFI;17-03-2020;15-04-2020
SANOFI;02-04-2020;04-05-2020
SANOFI;09-04-2020;28-05-2020
SANOFI;29-04-2020;01-06-2020
SANOFI;15-05-2020;27-05-2020
SANOFI;15-05-2020;15-06-2020
SANOFI;18-05-2020;25-05-2020
SANOFI;19-05-2020;19-05-2020
SANOFI;19-05-2020;27-11-2020
SANOFI;23-05-2020;03-07-2020
SANOFI;25-05-2020;17-07-2020
SANOFI;26-05-2020;26-05-2020
SANOFI;28-05-2020;28-05-2020
SANOFI;01-06-2020;01-06-2020
SANOFI;01-06-2020;17-08-2020
SANOFI;09-06-2020;18-06-2020
SANOFI;19-06-2020;06-07-2020
SANOFI;02-07-2020;02-07-2020
SANOFI;16-07-2020;31-07-2020
SANOFI;07-09-2020;08-09-2020
SANOFI;18-09-2020;21-09-2020
SANOFI;02-10-2020;05-10-2020
SANOFI;19-10-2020;21-10-2020
SANOFI;30-10-2020;27-11-2020
SANOFI;07-12-2020;07-12-2020
SANOSWISS;27-04-2020;01-05-2020
SANTEN;14-01-2020;14-01-2020
SANTEN;24-03-2020;08-04-2020
SANTEN;25-03-2020;15-04-2020
SANTEN;03-04-2020;06-04-2020
SANTEN;19-06-2020;22-06-2020
SANTEN;13-07-2020;20-08-2020
SANTEN;14-10-2020;14-10-2020
SERB;01-07-2020;21-07-2020
SIEGFRIED;12-03-2020;04-05-2020
SIEGFRIED;27-03-2020;24-04-2020
SIEGFRIED;06-04-2020;28-04-2020
SIEGFRIED;11-05-2020;01-07-2020
SIEGFRIED;21-10-2020;29-10-2020
SIEGFRIED;02-12-2020;28-12-2020
STADA;01-01-2020;12-05-2020
STADA;06-01-2020;06-01-2020
STADA;07-01-2020;16-01-2020
STADA;08-01-2020;27-02-2020
STADA;08-01-2020;14-05-2020
STADA;09-01-2020;07-02-2020
STADA;10-01-2020;16-01-2020
STADA;10-01-2020;07-02-2020
STADA;13-01-2020;13-01-2020
STADA;13-01-2020;20-01-2020
STADA;13-01-2020;23-01-2020
STADA;14-01-2020;14-01-2020
STADA;14-01-2020;16-01-2020
STADA;14-01-2020;17-01-2020
STADA;14-01-2020;06-05-2020
STADA;20-01-2020;20-01-2020
STADA;22-01-2020;23-03-2020
STADA;24-01-2020;06-03-2020
STADA;27-01-2020;24-02-2020
STADA;27-01-2020;13-03-2020
STADA;31-01-2020;07-02-2020
STADA;01-02-2020;25-05-2020
STADA;04-02-2020;15-03-2020
STADA;06-02-2020;07-02-2020
STADA;10-02-2020;16-03-2020
STADA;12-02-2020;24-02-2020
STADA;13-02-2020;27-03-2020
STADA;21-02-2020;14-10-2020
STADA;27-02-2020;07-05-2020
STADA;02-03-2020;23-03-2020
STADA;04-03-2020;06-03-2020
STADA;04-03-2020;09-03-2020
STADA;04-03-2020;27-07-2020
STADA;06-03-2020;09-03-2020
STADA;09-03-2020;09-03-2020
STADA;09-03-2020;20-03-2020
STADA;09-03-2020;23-03-2020
STADA;10-03-2020;02-04-2020
STADA;11-03-2020;30-06-2020
STADA;16-03-2020;20-03-2020
STADA;17-03-2020;26-03-2020
STADA;18-03-2020;30-04-2020
STADA;19-03-2020;23-03-2020
STADA;23-03-2020;23-03-2020
STADA;23-03-2020;25-03-2020
STADA;23-03-2020;24-04-2020
STADA;23-03-2020;05-05-2020
STADA;25-03-2020;02-04-2020
STADA;25-03-2020;10-06-2020
STADA;26-03-2020;03-04-2020
STADA;27-03-2020;15-04-2020
STADA;01-04-2020;21-08-2020
STADA;01-04-2020;23-09-2020
STADA;02-04-2020;02-04-2020
STADA;02-04-2020;15-06-2020
STADA;03-04-2020;06-04-2020
STADA;03-04-2020;04-05-2020
STADA;06-04-2020;06-04-2020
STADA;06-04-2020;15-04-2020
STADA;07-04-2020;12-06-2020
STADA;08-04-2020;16-04-2020
STADA;14-04-2020;14-04-2020
STADA;15-04-2020;15-04-2020
STADA;15-04-2020;24-04-2020
STADA;15-04-2020;01-05-2020
STADA;15-04-2020;10-06-2020
STADA;15-04-2020;13-08-2020
STADA;20-04-2020;19-05-2020
STADA;20-04-2020;15-06-2020
STADA;20-04-2020;15-07-2020
STADA;20-04-2020;20-07-2020
STADA;20-04-2020;31-07-2020
STADA;20-04-2020;17-08-2020
STADA;20-04-2020;01-09-2020
STADA;20-04-2020;30-12-2020
STADA;22-04-2020;02-12-2020
STADA;23-04-2020;19-05-2020
STADA;27-04-2020;22-06-2020
STADA;28-04-2020;28-04-2020
STADA;29-04-2020;30-04-2020
STADA;30-04-2020;15-06-2020
STADA;04-05-2020;04-05-2020
STADA;04-05-2020;06-05-2020
STADA;04-05-2020;26-05-2020
STADA;04-05-2020;27-07-2020
STADA;06-05-2020;15-06-2020
STADA;11-05-2020;13-05-2020
STADA;11-05-2020;15-06-2020
STADA;11-05-2020;02-10-2020
STADA;14-05-2020;12-06-2020
STADA;14-05-2020;31-07-2020
STADA;15-05-2020;18-05-2020
STADA;15-05-2020;19-06-2020
STADA;18-05-2020;18-05-2020
STADA;18-05-2020;25-05-2020
STADA;18-05-2020;27-05-2020
STADA;18-05-2020;08-06-2020
STADA;18-05-2020;22-06-2020
STADA;18-05-2020;27-07-2020
STADA;18-05-2020;17-08-2020
STADA;18-05-2020;07-09-2020
STADA;19-05-2020;07-07-2020
STADA;19-05-2020;10-07-2020
STADA;19-05-2020;14-08-2020
STADA;20-05-2020;25-05-2020
STADA;20-05-2020;15-06-2020
STADA;20-05-2020;30-11-2020
STADA;22-05-2020;28-05-2020
STADA;22-05-2020;16-06-2020
STADA;22-05-2020;10-07-2020
STADA;26-05-2020;17-08-2020
STADA;28-05-2020;29-05-2020
STADA;28-05-2020;11-06-2020
STADA;28-05-2020;31-12-2020
STADA;01-06-2020;01-06-2020
STADA;01-06-2020;09-06-2020
STADA;01-06-2020;03-07-2020
STADA;01-06-2020;05-08-2020
STADA;08-06-2020;29-07-2020
STADA;09-06-2020;15-06-2020
STADA;10-06-2020;10-06-2020
STADA;10-06-2020;12-06-2020
STADA;11-06-2020;15-06-2020
STADA;11-06-2020;31-07-2020
STADA;12-06-2020;12-06-2020
STADA;12-06-2020;17-06-2020
STADA;12-06-2020;21-10-2020
STADA;15-06-2020;15-06-2020
STADA;15-06-2020;07-07-2020
STADA;15-06-2020;23-09-2020
STADA;16-06-2020;16-06-2020
STADA;16-06-2020;17-06-2020
STADA;17-06-2020;18-06-2020
STADA;18-06-2020;18-06-2020
STADA;18-06-2020;16-07-2020
STADA;19-06-2020;19-06-2020
STADA;23-06-2020;23-06-2020
STADA;24-06-2020;24-06-2020
STADA;24-06-2020;04-09-2020
STADA;25-06-2020;25-06-2020
STADA;26-06-2020;26-06-2020
STADA;26-06-2020;07-08-2020
STADA;29-06-2020;29-06-2020
STADA;30-06-2020;01-07-2020
STADA;30-06-2020;03-07-2020
STADA;30-06-2020;23-07-2020
STADA;01-07-2020;01-07-2020
STADA;01-07-2020;02-07-2020
STADA;01-07-2020;03-07-2020
STADA;01-07-2020;31-08-2020
STADA;06-07-2020;07-07-2020
STADA;07-07-2020;07-07-2020
STADA;09-07-2020;10-07-2020
STADA;09-07-2020;04-08-2020
STADA;10-07-2020;10-07-2020
STADA;13-07-2020;15-07-2020
STADA;13-07-2020;28-07-2020
STADA;13-07-2020;14-08-2020
STADA;13-07-2020;17-08-2020
STADA;14-07-2020;14-07-2020
STADA;14-07-2020;15-07-2020
STADA;14-07-2020;16-07-2020
STADA;14-07-2020;07-12-2020
STADA;15-07-2020;15-07-2020
STADA;15-07-2020;16-07-2020
STADA;16-07-2020;17-07-2020
STADA;16-07-2020;21-08-2020
STADA;16-07-2020;07-09-2020
STADA;16-07-2020;21-09-2020
STADA;16-07-2020;09-11-2020
STADA;17-07-2020;17-07-2020
STADA;17-07-2020;27-07-2020
STADA;20-07-2020;20-07-2020
STADA;21-07-2020;10-08-2020
STADA;22-07-2020;11-08-2020
STADA;23-07-2020;24-07-2020
STADA;24-07-2020;24-07-2020
STADA;24-07-2020;27-07-2020
STADA;27-07-2020;27-07-2020
STADA;28-07-2020;28-07-2020
STADA;29-07-2020;29-07-2020
STADA;29-07-2020;17-08-2020
STADA;30-07-2020;30-07-2020
STADA;01-08-2020;14-09-2020
STADA;04-08-2020;04-08-2020
STADA;05-08-2020;05-08-2020
STADA;05-08-2020;14-10-2020
STADA;05-08-2020;03-12-2020
STADA;06-08-2020;17-08-2020
STADA;07-08-2020;07-08-2020
STADA;07-08-2020;21-10-2020
STADA;10-08-2020;10-08-2020
STADA;10-08-2020;14-08-2020
STADA;10-08-2020;17-08-2020
STADA;11-08-2020;12-08-2020
STADA;11-08-2020;09-09-2020
STADA;12-08-2020;13-08-2020
STADA;12-08-2020;09-09-2020
STADA;13-08-2020;12-10-2020
STADA;14-08-2020;17-08-2020
STADA;17-08-2020;17-08-2020
STADA;18-08-2020;01-10-2020
STADA;19-08-2020;20-10-2020
STADA;19-08-2020;30-10-2020
STADA;20-08-2020;08-09-2020
STADA;24-08-2020;28-08-2020
STADA;24-08-2020;09-09-2020
STADA;24-08-2020;02-10-2020
STADA;25-08-2020;23-10-2020
STADA;26-08-2020;23-09-2020
STADA;27-08-2020;21-10-2020
STADA;28-08-2020;31-08-2020
STADA;28-08-2020;12-10-2020
STADA;31-08-2020;31-08-2020
STADA;01-09-2020;01-09-2020
STADA;01-09-2020;21-09-2020
STADA;04-09-2020;21-09-2020
STADA;07-09-2020;07-09-2020
STADA;18-09-2020;21-09-2020
STADA;21-09-2020;21-09-2020
STADA;21-09-2020;30-10-2020
STADA;23-09-2020;23-09-2020
STADA;23-09-2020;05-10-2020
STADA;23-09-2020;01-12-2020
STADA;25-09-2020;25-09-2020
STADA;29-09-2020;30-10-2020
STADA;30-09-2020;01-10-2020
STADA;30-09-2020;30-10-2020
STADA;02-10-2020;05-10-2020
STADA;05-10-2020;05-10-2020
STADA;05-10-2020;06-10-2020
STADA;05-10-2020;19-10-2020
STADA;05-10-2020;21-10-2020
STADA;07-10-2020;07-10-2020
STADA;07-10-2020;08-10-2020
STADA;09-10-2020;09-10-2020
STADA;13-10-2020;30-10-2020
STADA;14-10-2020;19-10-2020
STADA;15-10-2020;15-10-2020
STADA;15-10-2020;07-12-2020
STADA;19-10-2020;19-10-2020
STADA;19-10-2020;21-10-2020
STADA;19-10-2020;30-10-2020
STADA;19-10-2020;06-11-2020
STADA;20-10-2020;20-10-2020
STADA;23-10-2020;23-10-2020
STADA;23-10-2020;30-10-2020
STADA;26-10-2020;26-10-2020
STADA;28-10-2020;28-12-2020
STADA;29-10-2020;30-10-2020
STADA;29-10-2020;07-12-2020
STADA;03-11-2020;22-12-2020
STADA;04-11-2020;04-12-2020
STADA;10-11-2020;12-11-2020
STADA;16-11-2020;16-11-2020
STADA;16-11-2020;22-12-2020
STADA;17-11-2020;04-12-2020
STADA;18-11-2020;23-11-2020
STADA;19-11-2020;04-12-2020
STADA;19-11-2020;10-12-2020
STADA;20-11-2020;21-12-2020
STADA;23-11-2020;23-11-2020
STADA;30-11-2020;01-12-2020
STADA;01-12-2020;01-12-2020
STADA;01-12-2020;02-12-2020
STADA;01-12-2020;21-12-2020
STADA;02-12-2020;02-12-2020
STADA;02-12-2020;21-12-2020
STADA;08-12-2020;08-12-2020
STADA;10-12-2020;21-12-2020
STADA;14-12-2020;14-12-2020
STADA;17-12-2020;21-12-2020
STRAGEN;26-02-2020;27-02-2020
STRAGEN;03-03-2020;02-04-2020
STRAGEN;11-03-2020;11-03-2020
STRAGEN;20-04-2020;28-04-2020
STRAGEN;30-04-2020;30-04-2020
STRAGEN;04-05-2020;04-05-2020
STRAGEN;07-05-2020;11-05-2020
STRAGEN;10-07-2020;10-07-2020
STRAGEN;04-09-2020;07-09-2020
STRAGEN;07-09-2020;10-09-2020
STRAGEN;14-09-2020;14-09-2020
STRAGEN;14-09-2020;22-09-2020
STRAGEN;16-09-2020;23-09-2020
STRAGEN;25-09-2020;09-10-2020
STRAGEN;02-10-2020;05-10-2020
STRAGEN;27-11-2020;30-11-2020
SUN PHARMA;10-02-2020;05-03-2020
SUN PHARMA;24-03-2020;24-03-2020
SUN PHARMA;06-04-2020;06-04-2020
SUN PHARMA;15-04-2020;15-04-2020
SUN PHARMA;13-05-2020;13-05-2020
SUN PHARMA;15-06-2020;15-06-2020
SUN PHARMA;22-06-2020;22-06-2020
SUN PHARMA;03-07-2020;03-07-2020
SUN PHARMA;10-07-2020;10-07-2020
SUN PHARMA;22-07-2020;22-07-2020
SUN PHARMA;27-07-2020;27-07-2020
SUN PHARMA;06-08-2020;11-08-2020
SUN PHARMA;17-08-2020;17-08-2020
SUN PHARMA;09-12-2020;10-12-2020
TAKEDA;08-01-2020;03-02-2020
TAKEDA;22-01-2020;05-02-2020
TAKEDA;02-03-2020;20-04-2020
TAKEDA;03-04-2020;14-04-2020
TAKEDA;07-04-2020;07-04-2020
TAKEDA;08-04-2020;20-04-2020
TAKEDA;21-04-2020;04-05-2020
TAKEDA;23-04-2020;27-05-2020
TAKEDA;06-05-2020;11-05-2020
TAKEDA;12-05-2020;25-05-2020
TAKEDA;12-05-2020;08-06-2020
TAKEDA;14-05-2020;14-05-2020
TAKEDA;15-05-2020;25-05-2020
TAKEDA;18-05-2020;18-05-2020
TAKEDA;25-05-2020;25-05-2020
TAKEDA;01-06-2020;01-06-2020
TAKEDA;03-06-2020;10-06-2020
TAKEDA;03-06-2020;06-08-2020
TAKEDA;06-06-2020;17-07-2020
TAKEDA;12-06-2020;23-06-2020
TAKEDA;29-06-2020;17-08-2020
TAKEDA;10-07-2020;10-07-2020
TAKEDA;10-07-2020;24-08-2020
TAKEDA;05-10-2020;07-10-2020
TAKEDA;02-12-2020;04-12-2020
TEVA;29-01-2020;29-01-2020
TEVA;01-06-2020;01-06-2020
TEVA;12-10-2020;04-12-2020
TEVA;21-10-2020;20-11-2020
THEA;03-01-2020;03-01-2020
THEA;07-01-2020;13-01-2020
THEA;15-01-2020;27-01-2020
THEA;24-01-2020;27-01-2020
THEA;05-02-2020;06-02-2020
THEA;03-03-2020;06-03-2020
THEA;19-06-2020;22-06-2020
THEA;26-06-2020;26-06-2020
UCB;06-01-2020;08-01-2020
UCB;10-01-2020;10-01-2020
UCB;09-03-2020;06-04-2020
UCB;25-03-2020;03-04-2020
UCB;07-04-2020;14-04-2020
UCB;19-05-2020;18-06-2020
UCB;12-06-2020;15-06-2020
UNIMEDIC AB;05-02-2020;07-02-2020
UNIMEDIC AB;06-03-2020;09-03-2020
UNIMEDIC AB;23-03-2020;23-03-2020
UNIMEDIC AB;22-05-2020;22-05-2020
UNIMEDIC AB;04-06-2020;08-06-2020
UNIMEDIC AB;17-07-2020;24-07-2020
VALEANT;08-01-2020;10-01-2020
VALEANT;27-01-2020;07-02-2020
VALEANT;23-03-2020;23-03-2020
VALEANT;07-04-2020;07-04-2020
VALEANT;28-04-2020;24-07-2020
VALEANT;11-05-2020;11-05-2020
VALEANT;17-06-2020;27-07-2020
VALEANT;05-08-2020;17-08-2020
VITAL PHARMA;19-03-2020;24-03-2020
VITAL PHARMA;16-06-2020;18-06-2020
VITAL PHARMA;10-08-2020;13-08-2020
ZAMBON GROUP;10-01-2020;10-01-2020
